dim_height,dim_width,dim_depth,dim_weight,display_size,num_usb,num_hdmi,display_type,energyclass,display_resolution,dim_color,smart,usb,wifi,display_curved,is_company_tcl,is_company_lg,is_company_hisense,is_company_dyras,is_company_samsung,is_company_sony,is_company_tesla,is_company_philips,is_company_panasonic,is_company_loewe,is_company_gaba,is_company_nokia,is_company_vortex,is_company_smart,is_company_strong,price,serial_id
56.0,95.7,4.4,,43.0,1.0,3.0,5.0,5.0,1.0,6.0,1,1,1,0,0,0,0,0,0,0,0,0,0,0,0,0,0,0,0,119998.998,274435
78.8,123.5,26.0,,55.0,2.0,3.0,1.0,,3.0,,1,1,1,0,0,0,0,0,0,0,0,0,0,0,0,0,0,0,0,199999.0031,276494
,,,7.5,43.0,2.0,3.0,4.0,5.0,3.0,6.0,1,1,1,0,0,0,0,0,0,0,0,0,0,0,0,0,0,0,0,109999.0053,275834
46.9,73.0,18.8,3.9,32.0,2.0,2.0,4.0,5.0,3.0,6.0,0,1,0,0,0,0,0,0,0,0,0,0,0,0,0,0,0,0,0,47999.0023,271832
91.58,144.75,30.85,19.6,65.0,1.0,3.0,4.0,5.0,3.0,6.0,1,1,1,0,0,0,0,0,0,0,0,0,0,0,0,0,0,0,0,194999.0004,274692
,,,,50.0,2.0,3.0,4.0,6.0,3.0,6.0,1,1,1,0,0,0,0,0,0,0,0,0,0,0,0,0,0,0,0,124999.0007,275837
90.8,145.5,34.0,24.0,65.0,2.0,3.0,4.0,6.0,1.0,6.0,1,1,1,0,0,0,0,0,0,0,0,0,0,0,0,0,0,0,0,249999.0047,270707
64.6,111.7,7.4,9.8,50.0,2.0,2.0,4.0,6.0,1.0,6.0,1,1,1,0,0,0,0,0,0,0,0,0,0,0,0,0,0,0,0,119900.0015,261993
,,,,55.0,2.0,3.0,4.0,6.0,3.0,6.0,1,1,1,0,0,0,0,0,0,0,0,0,0,0,0,0,0,0,0,128899.9962,275840
,,,,55.0,,3.0,4.0,,1.0,6.0,1,1,1,0,0,0,0,0,0,0,0,0,0,0,0,0,0,0,0,199999.0031,270972
,,,,55.0,,,4.0,6.0,1.0,,1,1,1,0,0,0,0,0,0,0,0,0,0,0,0,0,0,0,0,419998.9949,270739
56.9,90.9,22.0,,40.0,1.0,3.0,4.0,5.0,3.0,,0,1,0,0,0,0,0,0,0,0,0,0,0,0,0,0,0,0,0,69998.9964,255073
74.34,123.79,22.78,,55.0,2.0,4.0,4.0,,3.0,6.0,1,1,1,0,0,0,0,0,0,0,0,0,0,0,0,0,0,0,0,259998.9974,249106
,,,10.3,43.0,2.0,3.0,1.0,6.0,1.0,6.0,1,1,1,0,0,0,0,0,0,0,0,0,0,0,0,0,0,0,0,144998.9988,270685
78.3,124.4,23.5,14.4,55.0,1.0,3.0,5.0,6.0,1.0,6.0,1,1,1,0,0,0,0,0,0,0,0,0,0,0,0,0,0,0,0,149999.0015,271307
46.54,73.74,15.05,4.1,32.0,1.0,2.0,4.0,5.0,3.0,6.0,0,1,1,0,0,0,0,0,0,0,0,0,0,0,0,0,0,0,0,85499.0035,234480
78.7,124.3,33.8,17.5,55.0,2.0,4.0,4.0,6.0,1.0,6.0,1,1,1,0,0,0,0,0,0,0,0,0,0,0,0,0,0,0,0,279998.9955,251625
,,,,55.0,2.0,4.0,4.0,6.0,1.0,6.0,1,1,1,0,0,0,0,0,0,0,0,0,0,0,0,0,0,0,0,289999.0009,275844
99.85,168.23,31.58,,75.0,2.0,4.0,4.0,6.0,1.0,6.0,1,1,1,0,0,0,0,0,0,0,0,0,0,0,0,0,0,0,0,479999.0019,249104
96.1,167.7,8.5,26.0,75.0,2.0,3.0,4.0,6.0,3.0,2.0,1,1,1,0,0,0,0,0,0,0,0,0,0,0,0,0,0,0,0,299899.9971,258128
82.6,144.6,4.5,21.8,65.0,1.0,3.0,5.0,5.0,1.0,6.0,1,1,1,0,0,0,0,0,0,0,0,0,0,0,0,0,0,0,0,179999.005,274432
76.5,122.7,29.2,12.2,55.0,1.0,2.0,4.0,6.0,1.0,,1,1,1,0,0,0,0,0,0,0,0,0,0,0,0,0,0,0,0,169998.9996,282747
,,,,70.0,2.0,3.0,4.0,6.0,3.0,6.0,1,1,1,0,0,0,0,0,0,0,0,0,0,0,0,0,0,0,0,199999.0031,275852
,,,13.7,50.0,2.0,3.0,1.0,6.0,1.0,6.0,1,1,1,0,0,0,0,0,0,0,0,0,0,0,0,0,0,0,0,169998.9996,270691
71.9,113.0,23.5,11.4,50.0,1.0,3.0,4.0,6.0,3.0,,0,1,1,0,0,0,0,0,0,0,0,0,0,0,0,0,0,0,0,149999.0015,270696
46.4,73.6,18.0,4.7,32.0,,2.0,4.0,5.0,3.0,6.0,1,0,1,0,0,0,0,0,0,0,0,0,0,0,0,0,0,0,0,94998.9972,267001
78.87,122.76,25.17,12.5,55.0,1.0,3.0,4.0,6.0,3.0,6.0,1,1,1,0,0,0,0,0,0,0,0,0,0,0,0,0,0,0,0,159998.9942,274691
61.1,97.3,18.7,8.1,43.0,1.0,3.0,4.0,6.0,3.0,,1,1,1,0,0,0,0,0,0,0,0,0,0,0,0,0,0,0,0,127998.9947,270687
,,,,55.0,2.0,3.0,4.0,5.0,3.0,6.0,1,1,1,0,0,0,0,0,0,0,0,0,0,0,0,0,0,0,0,139998.9961,275839
73.5,122.7,33.0,,55.0,2.0,4.0,4.0,,3.0,6.0,1,1,1,0,0,0,0,0,0,0,0,0,0,0,0,0,0,0,0,399998.9968,251632
61.6,96.9,202.0,9.0,43.0,2.0,3.0,,5.0,1.0,6.0,1,1,1,0,0,0,0,0,0,0,0,0,0,0,0,0,0,0,0,99998.9999,271835
56.8,90.7,20.7,7.7,40.0,2.0,3.0,4.0,5.0,3.0,6.0,1,1,1,0,0,0,0,0,0,0,0,0,0,0,0,0,0,0,0,74998.9991,271834
74.2,122.7,19.0,11.7,55.0,2.0,3.0,,4.0,3.0,6.0,1,1,1,0,0,0,0,0,0,0,0,0,0,0,0,0,0,0,0,129999.0034,281582
,,,,85.0,3.0,4.0,4.0,,0.0,6.0,0,1,1,0,0,0,0,0,0,0,0,0,0,0,0,0,0,0,0,2499900.004,283495
,,,,32.0,2.0,3.0,4.0,5.0,3.0,6.0,1,1,0,0,0,0,0,0,0,0,0,0,0,0,0,0,0,0,0,59999.0037,274805
75.7,122.2,23.0,16.0,55.0,3.0,4.0,4.0,6.0,1.0,,1,1,1,0,0,0,0,0,0,0,0,0,0,0,0,0,0,0,0,759999.0007,285470
61.6,96.9,20.2,6.3,43.0,2.0,3.0,4.0,5.0,1.0,,1,1,1,0,0,0,0,0,0,0,0,0,0,0,0,0,0,0,0,109999.0053,261846
63.0,95.8,21.7,,43.0,1.0,3.0,,6.0,3.0,6.0,1,0,1,0,0,0,0,0,0,0,0,0,0,0,0,0,0,0,0,119998.998,278438
,,,,65.0,,,4.0,6.0,1.0,,1,0,1,0,0,0,0,0,0,0,0,0,0,0,0,0,0,0,0,299999.0063,285448
,,,,55.0,,,4.0,6.0,1.0,,1,0,1,0,0,0,0,0,0,0,0,0,0,0,0,0,0,0,0,719999.0045,285468
75.7,122.2,24.5,22.0,55.0,3.0,4.0,4.0,5.0,1.0,,1,1,1,0,0,0,0,0,0,0,0,0,0,0,0,0,0,0,0,939998.9963,285471
,,,,77.0,,,4.0,5.0,1.0,,1,0,1,0,0,0,0,0,0,0,0,0,0,0,0,0,0,0,0,1519999.0047,285477
88.0,144.1,23.0,18.5,65.0,3.0,4.0,4.0,5.0,1.0,,1,1,1,0,0,0,0,0,0,0,0,0,0,0,0,0,0,0,0,1049999.0049,285474
,,,,42.0,,,4.0,6.0,1.0,,1,0,1,0,0,0,0,0,0,0,0,0,0,0,0,0,0,0,0,579999.0051,285464
,,,,55.0,2.0,3.0,4.0,6.0,3.0,,1,1,1,0,0,0,0,0,0,0,0,0,0,0,0,0,0,0,0,199899.9939,270952
,,,,83.0,,,4.0,5.0,1.0,,1,0,1,0,0,0,0,0,0,0,0,0,0,0,0,0,0,0,0,2339999.003,285480
86.9,144.9,24.6,25.0,65.0,2.0,4.0,4.0,5.0,3.0,,1,1,1,0,0,0,0,0,0,0,0,0,0,0,0,0,0,0,0,979999.0052,285472
87.8,144.1,24.5,28.1,65.0,3.0,4.0,4.0,5.0,1.0,,1,1,1,0,0,0,0,0,0,0,0,0,0,0,0,0,0,0,0,1299999.0002,285475
167.7,104.2,37.0,41.5,75.0,2.0,4.0,0.0,3.0,1.0,,1,0,0,0,0,0,0,0,0,0,0,0,0,0,0,0,0,0,0,869998.9966,285455
35.66,55.15,14.8,3.1,24.0,1.0,2.0,4.0,4.0,3.0,6.0,0,1,0,0,0,0,0,0,0,0,0,0,0,0,0,0,0,0,0,59499.0047,272238
,,,15.6,50.0,2.0,4.0,0.0,6.0,1.0,6.0,1,1,1,0,0,0,0,0,0,0,0,0,0,0,0,0,0,0,0,259998.9974,270694
,,,10.3,43.0,2.0,3.0,1.0,6.0,1.0,6.0,1,1,1,0,0,0,0,0,0,0,0,0,0,0,0,0,0,0,0,149999.0015,270686
116.3,189.2,33.8,,85.0,2.0,4.0,,6.0,3.0,6.0,1,1,1,0,0,0,0,0,0,0,0,0,0,0,0,0,0,0,0,644999.0021,269109
77.0,122.7,25.0,15.4,55.0,2.0,4.0,4.0,6.0,1.0,2.0,0,1,1,0,0,0,0,0,0,0,0,0,0,0,0,0,0,0,0,132998.9974,237970
,,,,55.0,2.0,3.0,1.0,,1.0,6.0,1,1,1,0,0,0,0,0,0,0,0,0,0,0,0,0,0,0,0,199999.0031,270700
70.3,111.7,27.4,9.8,50.0,2.0,3.0,4.0,6.0,3.0,6.0,1,1,1,0,0,0,0,0,0,0,0,0,0,0,0,0,0,0,0,138900.0016,275838
87.2,144.5,25.0,16.7,65.0,2.0,4.0,,,3.0,1.0,1,1,1,0,0,0,0,0,0,0,0,0,0,0,0,0,0,0,0,164998.9969,281583
70.8,111.3,22.3,,50.0,2.0,4.0,,5.0,3.0,6.0,1,1,1,0,0,0,0,0,0,0,0,0,0,0,0,0,0,0,0,325599.0059,269075
48.0,73.2,17.5,4.0,32.0,1.0,2.0,,5.0,3.0,,1,1,1,0,0,0,0,0,0,0,0,0,0,0,0,0,0,0,0,64998.9937,283134
,,,,24.0,,,4.0,,,6.0,0,1,0,0,0,0,0,0,0,0,0,0,0,0,0,0,0,0,0,48949.0004,254211
89.75,145.17,29.0,21.7,65.0,2.0,3.0,4.0,6.0,1.0,2.0,1,1,1,0,0,0,0,0,0,0,0,0,0,0,0,0,0,0,0,449900.0019,283459
74.88,123.21,22.63,15.8,55.0,2.0,3.0,4.0,6.0,1.0,6.0,1,1,1,0,0,0,0,0,0,0,0,0,0,0,0,0,0,0,0,319899.9952,283452
74.2,122.7,25.6,,55.0,2.0,3.0,4.0,6.0,3.0,6.0,0,1,1,0,0,0,0,0,0,0,0,0,0,0,0,0,0,0,0,159998.9942,265165
,,,14.2,55.0,,3.0,4.0,,1.0,6.0,1,1,1,0,0,0,0,0,0,0,0,0,0,0,0,0,0,0,0,140398.9953,248883
73.26,73.26,16.65,4.0,32.0,2.0,3.0,4.0,4.0,3.0,6.0,0,1,1,0,0,0,0,0,0,0,0,0,0,0,0,0,0,0,0,74798.9995,237351
69.0,111.3,21.0,10.5,50.0,2.0,3.0,4.0,5.0,3.0,6.0,1,1,1,0,0,0,0,0,0,0,0,0,0,0,0,0,0,0,0,149999.0015,260350
114.3,189.2,32.6,47.2,85.0,2.0,4.0,4.0,6.0,1.0,,1,1,1,0,0,0,0,0,0,0,0,0,0,0,0,0,0,0,0,1399899.9942,283475
91.5,145.27,32.27,25.4,65.0,2.0,3.0,4.0,6.0,3.0,2.0,1,1,1,1,0,0,0,0,0,0,0,0,0,0,0,0,0,0,0,204698.9937,282849
68.4,170.0,23.5,11.7,48.0,2.0,3.0,4.0,6.0,1.0,6.0,1,1,1,0,0,0,0,0,0,0,0,0,0,0,0,0,0,0,0,299999.0063,270730
37.5,55.7,16.6,2.9,24.0,2.0,2.0,4.0,5.0,,,1,1,1,0,0,0,0,0,0,0,0,0,0,0,0,0,0,0,0,56998.997,261842
65.0,107.1,25.1,18.0,48.0,3.0,4.0,4.0,6.0,3.0,,1,1,1,0,0,0,0,0,0,0,0,0,0,0,0,0,0,0,0,349998.9952,270733
71.6,123.6,26.0,,55.0,,,0.0,4.0,1.0,,1,0,1,0,0,0,0,0,0,0,0,0,0,0,0,0,0,0,0,439999.0057,285436
90.9,145.6,28.5,26.3,65.0,2.0,4.0,0.0,4.0,1.0,,1,1,1,0,0,0,0,0,0,0,0,0,0,0,0,0,0,0,0,539998.9962,285446
112.3,190.0,34.5,42.5,85.0,2.0,3.0,4.0,5.0,1.0,,1,1,1,0,0,0,0,0,0,0,0,0,0,0,0,0,0,0,0,949900.0052,283466
84.0,145.6,28.5,,65.0,2.0,4.0,0.0,6.0,1.0,,1,1,1,0,0,0,0,0,0,0,0,0,0,0,0,0,0,0,0,539998.9962,285445
65.2,112.3,26.0,,50.0,,,0.0,4.0,1.0,,1,0,1,0,0,0,0,0,0,0,0,0,0,0,0,0,0,0,0,379998.9987,285429
71.6,123.6,26.0,,55.0,2.0,4.0,0.0,4.0,1.0,,1,1,1,0,0,0,0,0,0,0,0,0,0,0,0,0,0,0,0,439999.0057,285437
99.73,167.67,32.0,32.0,75.0,2.0,3.0,4.0,3.0,1.0,6.0,1,1,1,0,0,0,0,0,0,0,0,0,0,0,0,0,0,0,0,649899.9956,283465
,,,,75.0,2.0,4.0,4.0,5.0,1.0,6.0,1,1,1,0,0,0,0,0,0,0,0,0,0,0,0,0,0,0,0,1599900.0006,283488
76.8,122.7,23.5,21.9,55.0,2.0,4.0,4.0,5.0,3.0,6.0,1,1,1,0,0,0,0,0,0,0,0,0,0,0,0,0,0,0,0,288599.0037,269084
,,,,65.0,3.0,4.0,4.0,,1.0,2.0,1,1,1,0,0,0,0,0,0,0,0,0,0,0,0,0,0,0,0,489998.9946,245419
70.8,112.1,23.2,12.4,50.0,2.0,3.0,1.0,6.0,1.0,,1,1,1,0,0,0,0,0,0,0,0,0,0,0,0,0,0,0,0,148199.0051,274054
90.4,144.7,29.4,19.5,65.0,2.0,3.0,4.0,6.0,1.0,6.0,0,1,1,0,0,0,0,0,0,0,0,0,0,0,0,0,0,0,0,143999.0008,235311
76.8,123.0,25.0,13.0,55.0,,,,6.0,3.0,6.0,1,1,1,0,0,0,0,0,0,0,0,0,0,0,0,0,0,0,0,119998.998,258130
90.62,144.84,28.21,20.9,65.0,1.0,2.0,4.0,6.0,1.0,6.0,0,1,1,0,0,0,0,0,0,0,0,0,0,0,0,0,0,0,0,174438.9958,242428
67.9,107.1,27.1,15.3,48.0,2.0,3.0,4.0,6.0,1.0,,1,1,1,0,0,0,0,0,0,0,0,0,0,0,0,0,0,0,0,238519.0048,251529
,,,,55.0,2.0,3.0,4.0,6.0,1.0,6.0,1,1,1,0,0,0,0,0,0,0,0,0,0,0,0,0,0,0,0,155749.0027,273529
83.5,145.2,7.4,24.5,65.0,1.0,3.0,4.0,6.0,3.0,6.0,1,1,1,0,0,0,0,0,0,0,0,0,0,0,0,0,0,0,0,227998.9979,258126
71.2,122.6,6.8,18.0,55.0,2.0,4.0,4.0,6.0,1.0,2.0,1,1,1,0,0,0,0,0,0,0,0,0,0,0,0,0,0,0,0,179999.005,261999
,,,,55.0,2.0,4.0,0.0,6.0,1.0,6.0,1,1,1,0,0,0,0,0,0,0,0,0,0,0,0,0,0,0,0,243858.9992,270702
63.8,111.2,8.0,,50.0,,,4.0,,1.0,6.0,1,0,0,0,0,0,0,0,0,0,0,0,0,0,0,0,0,0,0,133498.9964,269324
62.7,96.3,19.2,,43.0,,3.0,4.0,,1.0,6.0,1,1,1,0,0,0,0,0,0,0,0,0,0,0,0,0,0,0,0,129049.0053,248893
62.9,106.9,22.5,16.5,48.0,2.0,4.0,4.0,6.0,1.0,6.0,1,1,1,0,0,0,0,0,0,0,0,0,0,0,0,0,0,0,0,849998.9985,273996
55.9,89.3,18.2,5.5,40.0,2.0,2.0,4.0,6.0,3.0,6.0,0,1,1,0,0,0,0,0,0,0,0,0,0,0,0,0,0,0,0,65999.0044,237966
46.9,71.7,16.0,3.7,32.0,2.0,2.0,4.0,6.0,3.0,6.0,0,1,1,0,0,0,0,0,0,0,0,0,0,0,0,0,0,0,0,55998.999,237964
59.98,96.55,20.56,8.9,43.0,2.0,3.0,4.0,6.0,3.0,,1,1,1,0,0,0,0,0,0,0,0,0,0,0,0,0,0,0,0,134999.0061,248889
,,,,55.0,2.0,4.0,4.0,6.0,1.0,6.0,0,1,1,0,0,0,0,0,0,0,0,0,0,0,0,0,0,0,0,226199.0015,234483
89.7,145.1,29.0,,65.0,2.0,4.0,4.0,5.0,3.0,,1,1,1,0,0,0,0,0,0,0,0,0,0,0,0,0,0,0,0,293699.0062,269088
118.0,189.0,39.0,41.3,85.0,1.0,3.0,4.0,6.0,1.0,6.0,1,1,1,0,0,0,0,0,0,0,0,0,0,0,0,0,0,0,0,401699.0061,248865
,,,,75.0,3.0,4.0,4.0,6.0,0.0,6.0,1,1,1,0,0,0,0,0,0,0,0,0,0,0,0,0,0,0,0,2249910.0036,283497
57.7,93.2,17.0,9.3,42.0,,,4.0,6.0,1.0,,1,1,1,0,0,0,0,0,0,0,0,0,0,0,0,0,0,0,0,364999.0033,270729
71.1,123.3,7.4,17.5,55.0,2.0,3.0,4.0,6.0,3.0,2.0,1,1,1,0,0,0,0,0,0,0,0,0,0,0,0,0,0,0,0,179999.005,258127
71.91,111.68,25.02,11.6,50.0,1.0,3.0,4.0,6.0,3.0,,1,1,1,0,0,0,0,0,0,0,0,0,0,0,0,0,0,0,0,140398.9953,248888
101.8,167.0,31.3,37.9,75.0,2.0,4.0,4.0,6.0,1.0,,1,1,1,0,0,0,0,0,0,0,0,0,0,0,0,0,0,0,0,899909.9985,283474
104.7,167.3,34.1,,75.0,1.0,3.0,4.0,5.0,3.0,,1,1,1,0,0,0,0,0,0,0,0,0,0,0,0,0,0,0,0,489998.9946,283503
,,,,85.0,2.0,4.0,4.0,5.0,1.0,6.0,1,1,1,0,0,0,0,0,0,0,0,0,0,0,0,0,0,0,0,2046910.9938,283489
68.17,111.83,22.4,11.8,50.0,2.0,3.0,4.0,5.0,1.0,6.0,1,1,1,0,0,0,0,0,0,0,0,0,0,0,0,0,0,0,0,186899.0039,269073
76.8,122.7,25.3,,55.0,2.0,4.0,4.0,6.0,1.0,,1,1,1,0,0,0,0,0,0,0,0,0,0,0,0,0,0,0,0,494909.9957,283472
62.3,97.3,21.6,8.0,43.0,1.0,2.0,4.0,6.0,3.0,6.0,1,1,1,0,0,0,0,0,0,0,0,0,0,0,0,0,0,0,0,120148.9977,251608
76.7,122.8,27.1,18.7,55.0,2.0,3.0,4.0,6.0,1.0,,1,1,1,0,0,0,0,0,0,0,0,0,0,0,0,0,0,0,0,269999.0028,251526
113.15,190.09,39.47,43.5,85.0,2.0,3.0,4.0,6.0,1.0,6.0,1,1,1,0,0,0,0,0,0,0,0,0,0,0,0,0,0,0,0,734989.9956,283455
76.82,122.74,23.7,20.6,55.0,2.0,4.0,4.0,6.0,1.0,1.0,1,1,1,0,0,0,0,0,0,0,0,0,0,0,0,0,0,0,0,719910.0029,283482
87.22,145.09,27.4,21.3,65.0,2.0,3.0,4.0,4.0,1.0,6.0,1,1,1,0,0,0,0,0,0,0,0,0,0,0,0,0,0,0,0,431909.9947,283464
,,,,85.0,2.0,3.0,4.0,5.0,1.0,6.0,1,1,1,0,0,0,0,0,0,0,0,0,0,0,0,0,0,0,0,719999.0045,283504
,,,,85.0,2.0,4.0,4.0,5.0,1.0,6.0,1,1,1,0,0,0,0,0,0,0,0,0,0,0,0,0,0,0,0,1739913.0048,283485
,,,,85.0,3.0,4.0,4.0,6.0,0.0,6.0,1,1,1,0,0,0,0,0,0,0,0,0,0,0,0,0,0,0,0,3114911.0041,283498
,,,,50.0,1.0,3.0,4.0,,1.0,6.0,1,1,1,0,0,0,0,0,0,0,0,0,0,0,0,0,0,0,0,219999.0012,283500
,,,,23.6,,,6.0,,3.0,6.0,0,0,0,0,0,0,0,0,0,0,0,0,0,0,0,0,0,0,0,45668.0062,230581
,,,,40.0,2.0,3.0,4.0,6.0,3.0,6.0,1,1,1,0,0,0,0,0,0,0,0,0,0,0,0,0,0,0,0,94998.9972,275833
58.3,96.84,21.8,7.9,43.0,1.0,2.0,4.0,5.0,3.0,6.0,0,1,0,0,0,0,0,0,0,0,0,0,0,0,0,0,0,0,0,97899.0041,237353
,,,,55.0,,,4.0,6.0,1.0,,1,0,1,0,0,0,0,0,0,0,0,0,0,0,0,0,0,0,0,269999.0028,285442
,,,,55.0,,,4.0,6.0,1.0,,1,0,1,0,0,0,0,0,0,0,0,0,0,0,0,0,0,0,0,239998.9993,285440
56.0,96.3,7.4,6.8,43.0,2.0,1.0,,6.0,1.0,2.0,1,1,1,0,0,0,0,0,0,0,0,0,0,0,0,0,0,0,0,89998.9945,261998
55.2,95.8,8.0,,43.0,,,4.0,,1.0,6.0,1,1,1,0,0,0,0,0,0,0,0,0,0,0,0,0,0,0,0,124599.0015,269323
78.3,122.7,25.5,,55.0,2.0,4.0,,6.0,3.0,6.0,1,1,1,0,0,0,0,0,0,0,0,0,0,0,0,0,0,0,0,289999.0009,269081
,,,,55.0,,,4.0,6.0,1.0,,1,0,1,0,0,0,0,0,0,0,0,0,0,0,0,0,0,0,0,259998.9974,285441
,,,,50.0,,,4.0,6.0,1.0,,1,0,1,0,0,0,0,0,0,0,0,0,0,0,0,0,0,0,0,209998.9958,285430
,,,,40.0,,,4.0,,3.0,6.0,1,0,1,0,0,0,0,0,0,0,0,0,0,0,0,0,0,0,0,88998.9965,265099
90.5,144.6,28.9,,65.0,2.0,4.0,4.0,6.0,3.0,,1,1,1,0,0,0,0,0,0,0,0,0,0,0,0,0,0,0,0,379998.9987,269089
145.6,196.1,28.1,42.0,88.0,3.0,4.0,4.0,6.0,0.0,1.0,1,1,1,0,0,0,0,0,0,0,0,0,0,0,0,0,0,0,0,4437998.998,251508
89.14,144.63,28.54,30.3,65.0,3.0,4.0,4.0,6.0,3.0,,1,1,1,0,0,0,0,0,0,0,0,0,0,0,0,0,0,0,0,424998.9976,282848
46.54,73.74,15.05,4.1,32.0,1.0,2.0,4.0,5.0,3.0,6.0,1,1,1,0,0,0,0,0,0,0,0,0,0,0,0,0,0,0,0,99998.9999,283506
98.6,156.2,37.8,31.7,70.0,2.0,3.0,5.0,6.0,1.0,6.0,1,1,1,0,0,0,0,0,0,0,0,0,0,0,0,0,0,0,0,288599.0037,270718
76.8,123.7,27.4,12.9,55.0,2.0,3.0,4.0,6.0,3.0,6.0,1,1,1,0,0,0,0,0,0,0,0,0,0,0,0,0,0,0,0,149900.005,275842
89.7,145.1,30.0,22.3,65.0,2.0,4.0,4.0,5.0,1.0,,1,1,1,0,0,0,0,0,0,0,0,0,0,0,0,0,0,0,0,501414.9992,283468
89.0,144.6,29.1,19.5,65.0,2.0,3.0,4.0,,1.0,6.0,1,0,0,0,0,0,0,0,0,0,0,0,0,0,0,0,0,0,0,259998.9974,269326
,,,,65.0,2.0,3.0,4.0,5.0,3.0,,1,1,1,0,0,0,0,0,0,0,0,0,0,0,0,0,0,0,0,199999.0031,282952
77.4,123.2,25.5,16.9,55.0,2.0,4.0,4.0,6.0,1.0,,1,1,1,0,0,0,0,0,0,0,0,0,0,0,0,0,0,0,0,407914.9957,283467
,,,,23.0,2.0,2.0,4.0,5.0,3.0,6.0,1,1,1,0,0,0,0,0,0,0,0,0,0,0,0,0,0,0,0,69998.9964,275832
,,,,23.6,,,4.0,5.0,3.0,0.0,0,1,0,0,0,0,0,0,0,0,0,0,0,0,0,0,0,0,0,43289.0041,230693
89.1,144.6,27.0,27.5,65.0,2.0,4.0,4.0,5.0,1.0,1.0,1,1,1,0,0,0,0,0,0,0,0,0,0,0,0,0,0,0,0,926116.004,283483
101.9,167.0,31.3,39.9,75.0,2.0,4.0,4.0,3.0,1.0,1.0,1,1,1,0,0,0,0,0,0,0,0,0,0,0,0,0,0,0,0,995916.9947,283478
102.6,167.7,35.1,34.7,75.0,2.0,4.0,4.0,5.0,1.0,,1,1,1,0,0,0,0,0,0,0,0,0,0,0,0,0,0,0,0,680517.0032,283469
70.54,111.36,22.0,17.6,50.0,2.0,4.0,4.0,5.0,1.0,1.0,1,1,1,0,0,0,0,0,0,0,0,0,0,0,0,0,0,0,0,594915.0027,283481
76.79,122.74,25.3,20.2,55.0,2.0,4.0,4.0,5.0,1.0,,1,1,1,0,0,0,0,0,0,0,0,0,0,0,0,0,0,0,0,589998.9978,283476
70.0,111.2,29.2,10.5,50.0,1.0,2.0,4.0,6.0,1.0,,1,1,1,0,0,0,0,0,0,0,0,0,0,0,0,0,0,0,0,159998.9942,282746
,,,,55.0,2.0,4.0,4.0,6.0,3.0,6.0,1,1,1,0,0,0,0,0,0,0,0,0,0,0,0,0,0,0,0,198899.9959,275843
,,,,65.0,3.0,4.0,4.0,6.0,0.0,2.0,1,1,1,0,0,0,0,0,0,0,0,0,0,0,0,0,0,0,0,449998.9984,251562
102.69,167.75,33.89,32.5,75.0,2.0,3.0,4.0,6.0,1.0,2.0,1,1,1,0,0,0,0,0,0,0,0,0,0,0,0,0,0,0,0,509914.9949,283460
70.39,111.42,23.7,18.2,50.0,2.0,4.0,4.0,6.0,1.0,,1,1,1,0,0,0,0,0,0,0,0,0,0,0,0,0,0,0,0,409311.0051,283471
61.0,95.9,25.2,7.8,43.0,1.0,2.0,4.0,6.0,1.0,,1,1,1,0,0,0,0,0,0,0,0,0,0,0,0,0,0,0,0,144998.9988,282745
59.9,96.5,20.5,8.7,43.0,2.0,3.0,,6.0,3.0,6.0,1,1,1,0,0,0,0,0,0,0,0,0,0,0,0,0,0,0,0,147899.0057,269115
98.16,169.2,5.98,50.3,75.0,1.0,3.0,4.0,5.0,1.0,6.0,1,1,1,0,0,0,0,0,0,0,0,0,0,0,0,0,0,0,0,1319998.9983,249101
46.54,73.74,15.05,4.2,32.0,1.0,2.0,4.0,,3.0,6.0,1,1,1,0,0,0,0,0,0,0,0,0,0,0,0,0,0,0,0,89368.9983,248894
89.7,144.3,29.8,,65.0,3.0,4.0,,6.0,0.0,6.0,1,1,1,0,0,0,0,0,0,0,0,0,0,0,0,0,0,0,0,589998.9978,269090
59.81,96.55,18.1,8.6,43.0,2.0,3.0,4.0,5.0,1.0,6.0,1,1,1,0,0,0,0,0,0,0,0,0,0,0,0,0,0,0,0,219999.0012,283461
,,,,75.0,2.0,4.0,4.0,6.0,1.0,6.0,1,1,1,0,0,0,0,0,0,0,0,0,0,0,0,0,0,0,0,624999.004,275855
,,,,55.0,1.0,2.0,4.0,6.0,3.0,6.0,1,1,1,0,0,0,0,0,0,0,0,0,0,0,0,0,0,0,0,155999.0022,260086
,,,,65.0,2.0,3.0,4.0,6.0,3.0,6.0,1,1,1,0,0,0,0,0,0,0,0,0,0,0,0,0,0,0,0,179999.005,275845
85.89,144.9,27.96,28.6,65.0,3.0,4.0,4.0,6.0,1.0,1.0,1,1,1,0,0,0,0,0,0,0,0,0,0,0,0,0,0,0,0,539998.9962,262716
,,,,65.0,2.0,4.0,4.0,6.0,1.0,6.0,1,1,1,0,0,0,0,0,0,0,0,0,0,0,0,0,0,0,0,439899.9965,275851
,,,,43.0,2.0,4.0,4.0,6.0,1.0,5.0,1,1,1,0,0,0,0,0,0,0,0,0,0,0,0,0,0,0,0,217499.0062,269066
117.8,192.7,42.5,48.9,86.0,2.0,4.0,1.0,6.0,1.0,,1,1,1,0,0,0,0,0,0,0,0,0,0,0,0,0,0,0,0,599999.0032,270726
77.35,122.54,26.59,18.2,55.0,2.0,4.0,4.0,6.0,1.0,,1,1,1,0,0,0,0,0,0,0,0,0,0,0,0,0,0,0,0,549999.0016,283507
,,,,65.0,2.0,4.0,4.0,6.0,3.0,6.0,1,1,1,0,0,0,0,0,0,0,0,0,0,0,0,0,0,0,0,599999.0032,275848
,,,,75.0,2.0,4.0,1.0,5.0,1.0,6.0,1,1,1,0,0,0,0,0,0,0,0,0,0,0,0,0,0,0,0,499999.0,270720
,,,42.7,75.0,3.0,4.0,1.0,6.0,0.0,,1,1,1,0,0,0,0,0,0,0,0,0,0,0,0,0,0,0,0,599999.0032,251547
,,,,88.0,2.0,,,,1.0,,1,1,1,0,0,0,0,0,0,0,0,0,0,0,0,0,0,0,0,749998.9953,252665
72.09,124.74,5.98,29.3,55.0,1.0,3.0,4.0,,1.0,6.0,1,1,1,0,0,0,0,0,0,0,0,0,0,0,0,0,0,0,0,896999.0061,249103
89.6,144.4,26.5,23.1,65.0,2.0,4.0,4.0,5.0,1.0,6.0,1,1,1,0,0,0,0,0,0,0,0,0,0,0,0,0,0,0,0,649999.0048,283508
105.2,184.7,2.8,,83.0,3.0,4.0,4.0,5.0,1.0,,1,1,1,0,0,0,0,0,0,0,0,0,0,0,0,0,0,0,0,1399999.0034,279531
,,,,65.0,2.0,4.0,4.0,6.0,3.0,6.0,0,1,1,0,0,0,0,0,0,0,0,0,0,0,0,0,0,0,0,289999.0009,275850
,,,9.8,43.0,2.0,3.0,4.0,6.0,1.0,6.0,1,1,1,0,0,0,0,0,0,0,0,0,0,0,0,0,0,0,0,147999.0055,270688
,,,,65.0,3.0,4.0,1.0,6.0,0.0,,1,1,1,0,0,0,0,0,0,0,0,0,0,0,0,0,0,0,0,399998.9968,251567
112.3,190.0,34.5,42.5,85.0,2.0,3.0,4.0,5.0,3.0,6.0,1,1,1,0,0,0,0,0,0,0,0,0,0,0,0,0,0,0,0,539998.9962,269107
62.3,97.3,21.6,,43.0,1.0,,4.0,6.0,3.0,,1,1,1,0,0,0,0,0,0,0,0,0,0,0,0,0,0,0,0,159998.9942,276491
69.8,122.2,2.72,21.3,55.0,3.0,4.0,4.0,6.0,1.0,,1,1,1,0,0,0,0,0,0,0,0,0,0,0,0,0,0,0,0,529999.0035,270742
,,,,55.0,1.0,3.0,4.0,6.0,1.0,6.0,1,1,1,0,0,0,0,0,0,0,0,0,0,0,0,0,0,0,0,194999.0004,283501
101.7,165.4,31.8,41.8,75.0,3.0,4.0,4.0,6.0,0.0,6.0,1,1,1,0,0,0,0,0,0,0,0,0,0,0,0,0,0,0,0,1149998.9954,269103
103.0,167.0,31.6,,75.0,2.0,4.0,,6.0,3.0,6.0,1,1,1,0,0,0,0,0,0,0,0,0,0,0,0,0,0,0,0,549999.0016,269099
,,,,85.0,2.0,4.0,4.0,5.0,1.0,,1,1,1,0,0,0,0,0,0,0,0,0,0,0,0,0,0,0,0,599999.0032,269108
89.1,146.2,27.5,,65.0,2.0,3.0,4.0,6.0,1.0,6.0,1,1,1,0,0,0,0,0,0,0,0,0,0,0,0,0,0,0,0,193599.0032,273530
,,,,32.0,1.0,2.0,4.0,5.0,,,1,0,1,0,0,0,0,0,0,0,0,0,0,0,0,0,0,0,0,87998.9985,285172
,,,,65.0,2.0,4.0,4.0,6.0,1.0,1.0,1,1,1,0,0,0,0,0,0,0,0,0,0,0,0,0,0,0,0,351536.0,262912
102.9,167.5,35.9,,75.0,,4.0,0.0,4.0,1.0,,1,0,1,0,0,0,0,0,0,0,0,0,0,0,0,0,0,0,0,549999.0016,286087
105.1,169.3,37.7,48.0,75.0,2.0,4.0,4.0,,0.0,6.0,1,1,1,0,0,0,0,0,0,0,0,0,0,0,0,0,0,0,0,719999.0045,256067
46.8,73.3,18.9,5.0,32.0,2.0,3.0,,5.0,3.0,6.0,1,1,1,0,0,0,0,0,0,0,0,0,0,0,0,0,0,0,0,107998.9966,251615
67.7,111.1,19.2,8.9,50.0,2.0,3.0,,4.0,3.0,6.0,1,1,1,0,0,0,0,0,0,0,0,0,0,0,0,0,0,0,0,114998.9953,281581
105.43,167.25,2.54,43.8,75.0,2.0,4.0,4.0,6.0,0.0,6.0,0,1,1,0,0,0,0,0,0,0,0,0,0,0,0,0,0,0,0,889998.9947,234445
,,,,43.0,2.0,4.0,4.0,6.0,1.0,1.0,1,1,1,0,0,0,0,0,0,0,0,0,0,0,0,0,0,0,0,105299.002,260898
,,,,55.0,2.0,4.0,4.0,5.0,1.0,6.0,1,1,1,0,0,0,0,0,0,0,0,0,0,0,0,0,0,0,0,279998.9955,282847
98.4,171.7,98.4,43.4,77.0,3.0,4.0,4.0,6.0,0.0,6.0,0,1,1,0,0,0,0,0,0,0,0,0,0,0,0,0,0,0,0,3999998.9977,236371
46.8,73.3,18.9,5.0,32.0,2.0,3.0,5.0,5.0,3.0,,1,1,1,0,0,0,0,0,0,0,0,0,0,0,0,0,0,0,0,109999.0053,280494
87.1,144.9,29.1,29.0,65.0,2.0,4.0,4.0,6.0,3.0,6.0,1,1,1,0,0,0,0,0,0,0,0,0,0,0,0,0,0,0,0,489899.9981,275847
70.2,112.1,24.9,13.7,50.0,2.0,3.0,1.0,6.0,1.0,,1,1,1,0,0,0,0,0,0,0,0,0,0,0,0,0,0,0,0,184998.995,270692
91.4,114.6,30.9,34.5,65.0,1.0,4.0,,6.0,0.0,6.0,0,1,1,0,0,0,0,0,0,0,0,0,0,0,0,0,0,0,0,479999.0019,265100
89.9,145.4,27.1,21.8,65.0,,3.0,5.0,6.0,1.0,6.0,1,0,1,0,0,0,0,0,0,0,0,0,0,0,0,0,0,0,0,258099.0012,270715
,,,,65.0,,,4.0,,1.0,6.0,1,1,1,0,0,0,0,0,0,0,0,0,0,0,0,0,0,0,0,599999.0032,270943
89.1,144.6,28.5,26.1,65.0,2.0,4.0,4.0,6.0,1.0,,1,1,1,0,0,0,0,0,0,0,0,0,0,0,0,0,0,0,0,548999.0036,283473
,,,,65.0,3.0,4.0,,6.0,0.0,,1,1,1,0,0,0,0,0,0,0,0,0,0,0,0,0,0,0,0,599999.0032,259995
75.9,123.6,29.0,,55.0,,4.0,4.0,6.0,3.0,,1,1,1,0,0,0,0,0,0,0,0,0,0,0,0,0,0,0,0,1091998.9971,278223
45.6,73.1,7.6,,32.0,2.0,3.0,4.0,5.0,3.0,,1,1,1,0,0,0,0,0,0,0,0,0,0,0,0,0,0,0,0,327599.0019,278227
49.8,72.5,25.4,10.0,32.0,,3.0,4.0,5.0,3.0,2.0,1,1,1,0,0,0,0,0,0,0,0,0,0,0,0,0,0,0,0,467999.0005,278225
43.4,73.2,8.1,,32.0,2.0,3.0,4.0,5.0,3.0,6.0,1,1,1,0,0,0,0,0,0,0,0,0,0,0,0,0,0,0,0,53999.003,267338
,,,,65.0,3.0,4.0,4.0,5.0,1.0,6.0,1,1,1,0,0,0,0,0,0,0,0,0,0,0,0,0,0,0,0,427491.0043,279715
78.6,129.4,24.0,,58.0,2.0,4.0,5.0,4.0,3.0,6.0,1,1,1,0,0,0,0,0,0,0,0,0,0,0,0,0,0,0,0,171598.9964,270496
62.78,96.39,19.25,8.3,43.0,1.0,3.0,4.0,6.0,1.0,6.0,1,1,1,0,0,0,0,0,0,0,0,0,0,0,0,0,0,0,0,139990.0045,283499
43.6,73.4,9.2,,32.0,2.0,2.0,,5.0,3.0,6.0,1,1,1,0,0,0,0,0,0,0,0,0,0,0,0,0,0,0,0,58498.994,267342
,,,,50.0,2.0,3.0,4.0,6.0,1.0,6.0,1,1,1,0,0,0,0,0,0,0,0,0,0,0,0,0,0,0,0,226199.0015,279722
86.2,144.8,32.7,,65.0,2.0,4.0,4.0,5.0,1.0,6.0,1,1,1,0,0,0,0,0,0,0,0,0,0,0,0,0,0,0,0,899989.9958,284526
73.8,122.7,32.7,,55.0,2.0,4.0,4.0,6.0,1.0,6.0,1,1,1,0,0,0,0,0,0,0,0,0,0,0,0,0,0,0,0,749990.0037,284523
114.6,187.6,34.1,54.8,85.0,3.0,4.0,4.0,6.0,0.0,6.0,1,1,1,0,0,0,0,0,0,0,0,0,0,0,0,0,0,0,0,1639999.006,269112
107.2,188.0,42.8,43.5,83.0,2.0,4.0,4.0,6.0,1.0,6.0,1,1,1,0,0,0,0,0,0,0,0,0,0,0,0,0,0,0,0,1599990.0055,260145
78.4,122.7,33.0,17.8,55.0,2.0,4.0,4.0,6.0,1.0,6.0,1,1,1,0,0,0,0,0,0,0,0,0,0,0,0,0,0,0,0,419990.0033,251631
114.4,183.02,36.51,54.2,82.0,2.0,4.0,4.0,6.0,0.0,6.0,0,1,0,0,0,0,0,0,0,0,0,0,0,0,0,0,0,0,0,1249998.9986,234440
102.29,166.83,32.05,42.2,75.0,3.0,4.0,4.0,,0.0,2.0,1,1,1,0,0,0,0,0,0,0,0,0,0,0,0,0,0,0,0,674999.0056,245420
86.89,145.68,26.09,,65.0,2.0,4.0,4.0,6.0,1.0,6.0,1,1,1,0,0,0,0,0,0,0,0,0,0,0,0,0,0,0,0,359999.0006,249105
56.1,90.3,22.2,5.6,39.5,,3.0,4.0,,3.0,6.0,1,1,0,0,0,0,0,0,0,0,0,0,0,0,0,0,0,0,0,83213.9941,257137
,,,,55.0,3.0,4.0,4.0,6.0,1.0,6.0,1,1,1,0,0,0,0,0,0,0,0,0,0,0,0,0,0,0,0,349998.9952,279716
123.74,125.49,48.28,27.2,55.0,2.0,4.0,4.0,6.0,1.0,0.0,1,1,1,0,0,0,0,0,0,0,0,0,0,0,0,0,0,0,0,233998.9986,269076
,,,,40.0,,,4.0,,3.0,6.0,0,1,0,0,0,0,0,0,0,0,0,0,0,0,0,0,0,0,0,77999.0058,254213
,,,,75.0,2.0,3.0,4.0,6.0,3.0,6.0,1,1,1,0,0,0,0,0,0,0,0,0,0,0,0,0,0,0,0,249999.0047,275854
,,,,75.0,3.0,4.0,4.0,6.0,1.0,6.0,1,1,1,0,0,0,0,0,0,0,0,0,0,0,0,0,0,0,0,719999.0045,279714
,,,33.1,55.0,2.0,3.0,4.0,,3.0,3.0,1,1,1,0,0,0,0,0,0,0,0,0,0,0,0,0,0,0,0,679998.9956,279528
77.41,123.29,24.91,16.9,55.0,2.0,4.0,4.0,6.0,1.0,,1,1,1,0,0,0,0,0,0,0,0,0,0,0,0,0,0,0,0,266998.9961,269080
,,,,65.0,,3.0,4.0,5.0,1.0,6.0,1,1,1,0,0,0,0,0,0,0,0,0,0,0,0,0,0,0,0,246398.9992,270973
91.0,145.2,33.6,31.9,65.0,2.0,4.0,0.0,6.0,3.0,,1,1,1,0,0,0,0,0,0,0,0,0,0,0,0,0,0,0,0,549999.0016,274058
89.6,144.9,23.5,17.3,65.0,2.0,3.0,4.0,5.0,3.0,,1,1,1,0,0,0,0,0,0,0,0,0,0,0,0,0,0,0,0,459999.0038,276505
62.4,96.6,18.7,9.0,43.0,2.0,3.0,,6.0,3.0,6.0,1,1,1,0,0,0,0,0,0,0,0,0,0,0,0,0,0,0,0,119998.998,269116
88.0,144.8,27.0,19.24,65.0,2.0,3.0,4.0,5.0,3.0,6.0,1,1,1,0,0,0,0,0,0,0,0,0,0,0,0,0,0,0,0,189998.9977,260352
61.1,96.3,22.3,7.8,43.0,2.0,3.0,4.0,6.0,3.0,6.0,1,1,1,0,0,0,0,0,0,0,0,0,0,0,0,0,0,0,0,113900.0008,275835
47.2,73.9,16.8,4.9,32.0,1.0,2.0,4.0,4.0,3.0,6.0,1,1,1,0,0,0,0,0,0,0,0,0,0,0,0,0,0,0,0,89998.9945,267000
86.9,144.9,24.6,25.0,65.0,2.0,4.0,4.0,6.0,1.0,6.0,1,1,1,0,0,0,0,0,0,0,0,0,0,0,0,0,0,0,0,489998.9946,270743
86.2,145.7,29.6,42.0,65.0,2.0,3.0,4.0,6.0,1.0,6.0,1,1,1,0,0,0,0,0,0,0,0,0,0,0,0,0,0,0,0,299999.0063,258124
56.9,90.9,22.0,5.19,40.0,2.0,3.0,4.0,5.0,3.0,,1,0,1,0,0,0,0,0,0,0,0,0,0,0,0,0,0,0,0,66749.0029,261844
,,,13.0,50.0,2.0,4.0,4.0,6.0,1.0,6.0,1,1,1,0,0,0,0,0,0,0,0,0,0,0,0,0,0,0,0,150149.0012,260904
89.1,149.5,22.6,18.5,65.0,2.0,3.0,,,3.0,6.0,0,1,0,0,0,0,0,0,0,0,0,0,0,0,0,0,0,0,0,177998.9963,257136
83.4,150.2,31.7,34.0,65.0,3.0,4.0,4.0,6.0,3.0,6.0,1,1,1,0,0,0,0,0,0,0,0,0,0,0,0,0,0,0,0,899999.0001,255072
78.24,123.16,26.0,13.2,55.0,2.0,3.0,,5.0,1.0,,1,1,1,0,0,0,0,0,0,0,0,0,0,0,0,0,0,0,0,145667.9967,256210
89.1,149.5,22.6,,64.5,2.0,3.0,,,3.0,6.0,1,1,0,0,0,0,0,0,0,0,0,0,0,0,0,0,0,0,0,177998.9963,257139
78.6,129.4,24.0,,58.0,2.0,3.0,4.0,4.0,3.0,6.0,1,1,1,0,0,0,0,0,0,0,0,0,0,0,0,0,0,0,0,194999.0004,270497
70.95,111.1,22.87,10.0,50.0,2.0,3.0,4.0,6.0,3.0,,1,1,1,0,0,0,0,0,0,0,0,0,0,0,0,0,0,0,0,119258.9944,257144
43.4,73.2,8.2,3.5,32.0,2.0,3.0,,4.0,3.0,6.0,0,1,0,0,0,0,0,0,0,0,0,0,0,0,0,0,0,0,0,53399.0042,281578
46.58,72.02,22.5,,32.0,2.0,3.0,,5.0,,,1,1,1,0,0,0,0,0,0,0,0,0,0,0,0,0,0,0,0,66749.0029,257140
103.9,168.0,35.0,54.5,75.0,3.0,4.0,5.0,6.0,1.0,,1,1,1,0,0,0,0,0,0,0,0,0,0,0,0,0,0,0,0,449998.9984,260816
,,,,55.0,2.0,4.0,0.0,6.0,1.0,2.0,1,1,1,0,0,0,0,0,0,0,0,0,0,0,0,0,0,0,0,293999.0056,270703
91.1,145.2,33.6,26.2,65.0,2.0,4.0,1.0,5.0,3.0,6.0,1,1,1,0,0,0,0,0,0,0,0,0,0,0,0,0,0,0,0,299999.0063,276499
123.7,125.4,48.2,27.2,55.0,2.0,4.0,4.0,,1.0,0.0,1,1,1,0,0,0,0,0,0,0,0,0,0,0,0,0,0,0,0,186899.0039,244696
102.4,167.1,36.4,26.0,75.0,2.0,3.0,4.0,6.0,1.0,6.0,1,1,1,0,0,0,0,0,0,0,0,0,0,0,0,0,0,0,0,284798.9986,252590
68.5,114.3,29.9,20.5,50.0,2.0,4.0,4.0,6.0,3.0,0.0,1,1,1,0,0,0,0,0,0,0,0,0,0,0,0,0,0,0,0,187199.0033,269070
102.0,167.0,33.0,35.6,75.0,2.0,4.0,4.0,4.0,1.0,6.0,1,1,0,0,0,0,0,0,0,0,0,0,0,0,0,0,0,0,0,471969.9984,248867
98.87,167.05,33.49,32.8,75.0,2.0,4.0,4.0,6.0,1.0,6.0,1,1,1,0,0,0,0,0,0,0,0,0,0,0,0,0,0,0,0,292498.9959,262714
115.1,189.3,34.1,55.3,85.0,3.0,4.0,4.0,6.0,0.0,6.0,1,1,1,0,0,0,0,0,0,0,0,0,0,0,0,0,0,0,0,1406199.0037,269110
,,,9.3,43.0,2.0,3.0,1.0,6.0,3.0,1.0,1,1,1,0,0,0,0,0,0,0,0,0,0,0,0,0,0,0,0,129499.0044,251610
76.5,122.7,29.2,12.2,55.0,2.0,3.0,4.0,6.0,1.0,6.0,1,1,1,0,0,0,0,0,0,0,0,0,0,0,0,0,0,0,0,159998.9942,269325
,,,,55.0,1.0,2.0,4.0,6.0,1.0,6.0,1,1,1,0,0,0,0,0,0,0,0,0,0,0,0,0,0,0,0,171498.9966,251579
100.5,167.6,34.0,32.0,75.0,2.0,3.0,,6.0,3.0,6.0,1,1,1,0,0,0,0,0,0,0,0,0,0,0,0,0,0,0,0,272998.9968,269123
,,,,43.0,1.0,2.0,5.0,6.0,1.0,6.0,1,1,1,0,0,0,0,0,0,0,0,0,0,0,0,0,0,0,0,118999.0,251605
102.3,166.8,31.8,42.1,75.0,3.0,4.0,4.0,6.0,0.0,6.0,1,1,1,0,0,0,0,0,0,0,0,0,0,0,0,0,0,0,0,764399.0046,269101
,,,,77.0,,,4.0,5.0,1.0,6.0,1,1,1,0,0,0,0,0,0,0,0,0,0,0,0,0,0,0,0,1049999.0049,270747
70.5,111.7,25.1,11.8,50.0,2.0,,4.0,6.0,3.0,6.0,1,1,1,0,0,0,0,0,0,0,0,0,0,0,0,0,0,0,0,107998.9966,258131
72.3,111.4,23.9,,50.0,2.0,4.0,,6.0,3.0,6.0,0,1,1,0,0,0,0,0,0,0,0,0,0,0,0,0,0,0,0,233998.9986,269074
102.5,167.1,36.3,28.4,75.0,2.0,3.0,4.0,6.0,1.0,,1,1,1,0,0,0,0,0,0,0,0,0,0,0,0,0,0,0,0,373798.9984,282749
78.3,123.3,32.4,18.7,55.0,2.0,4.0,,6.0,1.0,6.0,1,1,1,0,0,0,0,0,0,0,0,0,0,0,0,0,0,0,0,329998.9971,251630
,,,,,,,,,,,0,0,0,0,0,0,0,0,0,0,0,0,0,0,0,0,0,0,0,171598.9964,260907
,,,,55.0,2.0,3.0,1.0,6.0,1.0,6.0,1,1,1,0,0,0,0,0,0,0,0,0,0,0,0,0,0,0,0,157498.9992,251591
79.4,122.7,23.5,24.1,55.0,2.0,4.0,4.0,6.0,1.0,,0,1,1,0,0,0,0,0,0,0,0,0,0,0,0,0,0,0,0,279998.9955,234462
,,,,55.0,2.0,3.0,4.0,6.0,1.0,6.0,1,1,1,0,0,0,0,0,0,0,0,0,0,0,0,0,0,0,0,202998.9971,279721
,,,,64.5669312,,,4.0,6.0,1.0,6.0,1,1,0,0,0,0,0,0,0,0,0,0,0,0,0,0,0,0,0,559998.9943,259698
86.73,144.75,30.56,20.7,65.0,2.0,3.0,4.0,5.0,1.0,6.0,1,1,1,0,0,0,0,0,0,0,0,0,0,0,0,0,0,0,0,183298.9984,260912
60.5,97.0,22.5,6.2,43.0,2.0,3.0,,,3.0,6.0,1,1,1,0,0,0,0,0,0,0,0,0,0,0,0,0,0,0,0,76998.9951,281584
73.8,122.7,33.0,19.5,55.0,2.0,4.0,4.0,6.0,1.0,6.0,1,1,1,0,0,0,0,0,0,0,0,0,0,0,0,0,0,0,0,599999.0032,273513
68.46,111.83,22.66,12.2,50.0,2.0,3.0,4.0,6.0,3.0,6.0,1,1,1,0,0,0,0,0,0,0,0,0,0,0,0,0,0,0,0,116999.004,248887
,,,,43.0,1.0,2.0,4.0,6.0,1.0,6.0,1,1,1,0,0,0,0,0,0,0,0,0,0,0,0,0,0,0,0,116999.004,260084
67.17,111.56,25.58,12.3,50.0,2.0,4.0,4.0,6.0,3.0,2.0,1,1,1,0,0,0,0,0,0,0,0,0,0,0,0,0,0,0,0,128699.006,260901
102.69,167.75,33.89,34.7,75.0,2.0,4.0,4.0,4.0,1.0,,1,1,1,0,0,0,0,0,0,0,0,0,0,0,0,0,0,0,0,399998.9968,269098
,,,,55.0,3.0,4.0,4.0,6.0,1.0,6.0,1,1,1,0,0,0,0,0,0,0,0,0,0,0,0,0,0,0,0,493989.995,279712
,,,,50.0,2.0,3.0,4.0,6.0,1.0,6.0,1,1,1,0,0,0,0,0,0,0,0,0,0,0,0,0,0,0,0,137940.9992,273528
60.5,97.3,23.5,9.0,43.0,2.0,3.0,4.0,6.0,1.0,6.0,1,1,1,0,0,0,0,0,0,0,0,0,0,0,0,0,0,0,0,113098.9991,273527
86.3,145.2,33.1,24.0,65.0,2.0,4.0,5.0,5.0,3.0,6.0,1,1,1,0,0,0,0,0,0,0,0,0,0,0,0,0,0,0,0,549999.0016,273518
71.1,112.4,23.6,,50.0,2.0,3.0,4.0,5.0,3.0,,1,1,1,0,0,0,0,0,0,0,0,0,0,0,0,0,0,0,0,105299.002,271836
48.0,73.5,18.2,4.0,32.0,1.0,2.0,4.0,,3.0,6.0,0,1,0,0,0,0,0,0,0,0,0,0,0,0,0,0,0,0,0,35000.0062,235010
102.0,167.0,31.75,43.0,75.0,3.0,4.0,4.0,,1.0,2.0,1,1,1,0,0,0,0,0,0,0,0,0,0,0,0,0,0,0,0,857998.9952,245424
104.0,167.0,34.0,30.8,75.0,1.0,3.0,4.0,6.0,1.0,6.0,1,1,1,0,0,0,0,0,0,0,0,0,0,0,0,0,0,0,0,299999.0063,248871
86.2,144.8,33.0,24.6,65.0,2.0,4.0,4.0,5.0,1.0,6.0,1,1,1,0,0,0,0,0,0,0,0,0,0,0,0,0,0,0,0,799998.9969,273516
,,,,65.0,,,1.0,5.0,1.0,,1,1,1,0,0,0,0,0,0,0,0,0,0,0,0,0,0,0,0,279998.9955,270709
104.8,167.0,31.7,48.0,75.0,2.0,4.0,4.0,6.0,1.0,,0,1,1,0,0,0,0,0,0,0,0,0,0,0,0,0,0,0,0,649999.9954,234446
,,,,55.0,1.0,2.0,4.0,6.0,1.0,6.0,1,1,1,0,0,0,0,0,0,0,0,0,0,0,0,0,0,0,0,160999.0049,251580
102.6,167.7,33.8,32.5,75.0,2.0,3.0,,6.0,3.0,6.0,1,1,1,0,0,0,0,0,0,0,0,0,0,0,0,0,0,0,0,350999.0059,269124
,,,,65.0,3.0,4.0,0.0,5.0,1.0,,1,1,1,0,0,0,0,0,0,0,0,0,0,0,0,0,0,0,0,594999.0005,260556
71.3,112.1,21.3,14.2,55.0,,3.0,5.0,6.0,1.0,,1,0,1,0,0,0,0,0,0,0,0,0,0,0,0,0,0,0,0,187999.0017,271308
,,,,32.0,2.0,2.0,4.0,6.0,3.0,6.0,1,1,1,0,0,0,0,0,0,0,0,0,0,0,0,0,0,0,0,151298.9989,269064
100.0,167.0,33.0,33.3,75.0,1.0,3.0,4.0,6.0,1.0,6.0,1,1,1,0,0,0,0,0,0,0,0,0,0,0,0,0,0,0,0,272998.9968,248870
97.6,171.2,2.48,35.1,77.0,3.0,4.0,4.0,5.0,1.0,,1,1,1,0,0,0,0,0,0,0,0,0,0,0,0,0,0,0,0,1199998.997,272523
112.9,190.0,39.6,,85.0,2.0,3.0,4.0,6.0,3.0,6.0,1,1,1,0,0,0,0,0,0,0,0,0,0,0,0,0,0,0,0,428999.0023,269125
89.1,144.6,2.6,,65.0,4.0,3.0,4.0,5.0,1.0,0.0,1,1,1,0,0,0,0,0,0,0,0,0,0,0,0,0,0,0,0,464638.9996,269092
,,,,100.0,2.0,4.0,,,1.0,6.0,0,1,1,0,0,0,0,0,0,0,0,0,0,0,0,0,0,0,0,699998.9937,241369
74.4,122.8,24.6,19.9,55.0,2.0,4.0,4.0,6.0,1.0,6.0,1,1,1,0,0,0,0,0,0,0,0,0,0,0,0,0,0,0,0,379900.0022,270737
74.7,123.2,22.8,15.8,55.0,2.0,3.0,,6.0,3.0,6.0,1,1,1,0,0,0,0,0,0,0,0,0,0,0,0,0,0,0,0,155999.0022,269119
62.41,95.7,22.76,7.5,43.0,2.0,3.0,,5.0,3.0,6.0,1,1,1,0,0,0,0,0,0,0,0,0,0,0,0,0,0,0,0,102348.9952,257141
77.2,122.8,23.5,14.5,55.0,2.0,3.0,4.0,5.0,1.0,,1,1,1,0,0,0,0,0,0,0,0,0,0,0,0,0,0,0,0,349998.9952,270735
,,,,65.0,2.0,3.0,4.0,6.0,1.0,6.0,1,1,1,0,0,0,0,0,0,0,0,0,0,0,0,0,0,0,0,324998.9944,279720
154.6,196.2,48.0,,75.0,2.0,3.0,,5.0,3.0,,1,1,1,0,0,0,0,0,0,0,0,0,0,0,0,0,0,0,0,299999.0063,276607
87.3,145.2,24.0,,65.0,2.0,3.0,4.0,4.0,3.0,6.0,1,1,1,0,0,0,0,0,0,0,0,0,0,0,0,0,0,0,0,241798.9957,270499
86.2,144.9,25.1,32.6,65.0,3.0,4.0,4.0,6.0,1.0,6.0,1,1,1,0,0,0,0,0,0,0,0,0,0,0,0,0,0,0,0,449998.9984,251519
68.3,111.8,22.8,11.8,125.0,2.0,3.0,,6.0,3.0,6.0,1,1,1,0,0,0,0,0,0,0,0,0,0,0,0,0,0,0,0,155999.0022,269117
44.83,64.95,18.75,3.88,27.5,1.0,1.0,4.0,4.0,3.0,0.0,0,1,0,0,0,0,0,0,0,0,0,0,0,0,0,0,0,0,0,64348.995,238714
,,,,50.0,2.0,4.0,4.0,,3.0,5.0,1,1,1,0,0,0,0,0,0,0,0,0,0,0,0,0,0,0,0,545998.9969,278235
,,,,55.0,2.0,4.0,4.0,,3.0,4.0,1,1,1,0,0,0,0,0,0,0,0,0,0,0,0,0,0,0,0,616198.9962,278237
,,,,43.0,2.0,4.0,4.0,6.0,3.0,5.0,1,1,1,0,0,0,0,0,0,0,0,0,0,0,0,0,0,0,0,467999.0005,278232
,,,15.4,43.0,2.0,4.0,5.0,6.0,3.0,4.0,1,1,1,0,0,0,0,0,0,0,0,0,0,0,0,0,0,0,0,467999.0005,278231
,,,,50.0,2.0,4.0,4.0,,3.0,4.0,1,1,1,0,0,0,0,0,0,0,0,0,0,0,0,0,0,0,0,545998.9969,278234
,,,,55.0,2.0,4.0,4.0,,3.0,5.0,1,1,1,0,0,0,0,0,0,0,0,0,0,0,0,0,0,0,0,616198.9962,278238
89.11,144.63,29.0,28.1,65.0,2.0,4.0,4.0,,1.0,2.0,0,1,1,0,0,0,0,0,0,0,0,0,0,0,0,0,0,0,0,399998.9968,245416
74.59,123.21,22.4,15.8,55.0,2.0,3.0,4.0,5.0,1.0,6.0,1,1,1,0,0,0,0,0,0,0,0,0,0,0,0,0,0,0,0,279998.9955,283463
66.9,107.7,29.0,,48.0,,4.0,4.0,6.0,1.0,,1,1,1,0,0,0,0,0,0,0,0,0,0,0,0,0,0,0,0,982798.9996,278222
,,,,66.0,,4.0,4.0,5.0,3.0,,1,1,1,0,0,0,0,0,0,0,0,0,0,0,0,0,0,0,0,1325998.999,278224
,,,,43.0,3.0,4.0,4.0,6.0,1.0,6.0,1,1,1,0,0,0,0,0,0,0,0,0,0,0,0,0,0,0,0,284989.9939,279718
89.74,144.37,30.06,30.8,65.0,3.0,4.0,4.0,,0.0,2.0,1,1,1,0,0,0,0,0,0,0,0,0,0,0,0,0,0,0,0,549999.0016,245415
89.7,144.3,29.8,,65.0,3.0,4.0,4.0,6.0,0.0,,1,1,1,0,0,0,0,0,0,0,0,0,0,0,0,0,0,0,0,649999.0048,269091
85.11,146.63,5.98,38.9,65.0,1.0,3.0,4.0,,1.0,6.0,1,1,1,0,0,0,0,0,0,0,0,0,0,0,0,0,0,0,0,999999.0033,249102
35.66,55.15,14.8,3.1,24.0,1.0,2.0,4.0,4.0,3.0,0.0,0,1,0,0,0,0,0,0,0,0,0,0,0,0,0,0,0,0,0,67999.0004,272239
68.94,112.12,21.39,13.6,50.0,2.0,4.0,4.0,6.0,1.0,6.0,0,1,1,0,0,0,0,0,0,0,0,0,0,0,0,0,0,0,0,199999.0031,234484
100.99,165.48,1.5,44.0,75.0,3.0,4.0,4.0,6.0,0.0,0.0,0,1,1,0,0,0,0,0,0,0,0,0,0,0,0,0,0,0,0,1349999.0018,234922
99.85,168.23,31.58,35.9,75.0,2.0,4.0,4.0,6.0,1.0,6.0,1,1,1,0,0,0,0,0,0,0,0,0,0,0,0,0,0,0,0,629998.994,269096
,,,,32.0,,,4.0,,,6.0,0,1,0,0,0,0,0,0,0,0,0,0,0,0,0,0,0,0,0,54599.0018,254212
92.11,144.79,28.53,31.0,65.0,2.0,4.0,4.0,6.0,0.0,6.0,0,1,1,0,0,0,0,0,0,0,0,0,0,0,0,0,0,0,0,637499.0044,234453
117.6,114.3,47.5,21.6,50.0,2.0,4.0,,6.0,1.0,0.0,1,1,1,0,0,0,0,0,0,0,0,0,0,0,0,0,0,0,0,224999.0039,260923
89.2,143.31,30.05,30.1,65.0,3.0,4.0,4.0,,0.0,2.0,1,1,1,0,0,0,0,0,0,0,0,0,0,0,0,0,0,0,0,769899.9969,245417
89.3,143.3,29.8,30.5,65.0,3.0,4.0,4.0,6.0,0.0,6.0,1,1,1,0,0,0,0,0,0,0,0,0,0,0,0,0,0,0,0,899999.0001,269093
,,,5.4,75.0,3.0,4.0,4.0,6.0,0.0,2.0,0,1,1,0,0,0,0,0,0,0,0,0,0,0,0,0,0,0,0,599999.0032,235734
116.7,192.7,36.1,45.6,86.0,2.0,4.0,5.0,6.0,3.0,,1,1,1,0,0,0,0,0,0,0,0,0,0,0,0,0,0,0,0,599999.0032,270727
60.0,96.55,19.51,8.7,43.0,2.0,3.0,4.0,6.0,1.0,6.0,1,1,1,0,0,0,0,0,0,0,0,0,0,0,0,0,0,0,0,189990.0061,283450
68.46,111.83,22.63,11.8,50.0,2.0,3.0,4.0,6.0,1.0,6.0,1,1,1,0,0,0,0,0,0,0,0,0,0,0,0,0,0,0,0,227813.997,283451
55.51,89.36,21.18,5.86,40.0,2.0,2.0,4.0,0.0,3.0,6.0,0,1,1,0,0,0,0,0,0,0,0,0,0,0,0,0,0,0,0,97899.0041,237394
,,,,85.0,2.0,3.0,4.0,6.0,3.0,6.0,1,1,1,0,0,0,0,0,0,0,0,0,0,0,0,0,0,0,0,429900.0038,275856
90.9,145.4,34.0,22.9,65.0,2.0,3.0,5.0,6.0,1.0,,1,1,1,0,0,0,0,0,0,0,0,0,0,0,0,0,0,0,0,266998.9961,270716
117.6,114.3,47.5,21.6,50.0,2.0,4.0,,6.0,1.0,5.0,1,1,1,0,0,0,0,0,0,0,0,0,0,0,0,0,0,0,0,187199.0033,260922
112.2,190.4,34.7,45.4,85.0,2.0,4.0,4.0,6.0,3.0,6.0,1,1,1,0,0,0,0,0,0,0,0,0,0,0,0,0,0,0,0,989998.9979,269106
102.8,98.6,41.7,17.4,43.0,2.0,4.0,4.0,,1.0,5.0,1,1,1,0,0,0,0,0,0,0,0,0,0,0,0,0,0,0,0,171598.9964,244699
102.2,166.8,31.8,,75.0,3.0,4.0,,6.0,0.0,6.0,1,1,1,0,0,0,0,0,0,0,0,0,0,0,0,0,0,0,0,699998.9937,269100
123.74,125.49,48.28,27.2,55.0,2.0,4.0,4.0,6.0,1.0,5.0,1,1,1,0,0,0,0,0,0,0,0,0,0,0,0,0,0,0,0,249599.0055,269077
104.4,171.7,32.3,43.4,77.0,3.0,4.0,4.0,6.0,0.0,6.0,1,1,1,0,0,0,0,0,0,0,0,0,0,0,0,0,0,0,0,3399999.0039,251510
102.4,167.9,32.1,53.7,75.0,2.0,3.0,4.0,6.0,1.0,6.0,1,1,1,0,0,0,0,0,0,0,0,0,0,0,0,0,0,0,0,499999.0,258123
74.27,122.77,25.62,13.3,55.0,2.0,3.0,4.0,6.0,1.0,1.0,1,1,1,0,0,0,0,0,0,0,0,0,0,0,0,0,0,0,0,155999.0022,260906
75.6,122.2,21.5,14.4,55.0,3.0,,4.0,6.0,1.0,2.0,1,1,1,0,0,0,0,0,0,0,0,0,0,0,0,0,0,0,0,429999.0003,270741
59.02,95.84,22.66,7.8,43.0,2.0,3.0,4.0,6.0,3.0,1.0,1,1,1,0,0,0,0,0,0,0,0,0,0,0,0,0,0,0,0,129049.0053,260897
61.7,97.0,20.9,9.1,43.0,2.0,4.0,5.0,6.0,1.0,6.0,1,1,1,0,0,0,0,0,0,0,0,0,0,0,0,0,0,0,0,199999.0031,273503
102.0,167.0,33.0,33.2,75.0,2.0,3.0,4.0,6.0,1.0,6.0,1,1,1,0,0,0,0,0,0,0,0,0,0,0,0,0,0,0,0,344999.0052,248869
74.1,122.6,29.1,21.5,55.0,2.0,4.0,4.0,6.0,3.0,6.0,1,1,1,0,0,0,0,0,0,0,0,0,0,0,0,0,0,0,0,318899.9972,275841
91.0,146.3,25.5,21.5,65.0,1.0,3.0,4.0,6.0,3.0,,1,1,1,0,0,0,0,0,0,0,0,0,0,0,0,0,0,0,0,195798.9988,270713
,,,,32.0,2.0,3.0,,,3.0,,1,1,0,0,0,0,0,0,0,0,0,0,0,0,0,0,0,0,0,61599.0005,281579
102.4,172.2,38.9,37.0,77.0,2.0,4.0,4.0,4.0,1.0,,1,1,1,0,0,0,0,0,0,0,0,0,0,0,0,0,0,0,0,1849999.0051,273523
82.1,144.1,24.3,22.8,65.0,3.0,4.0,4.0,5.0,1.0,6.0,1,1,1,0,0,0,0,0,0,0,0,0,0,0,0,0,0,0,0,699998.9937,270746
,,,,65.0,,,4.0,5.0,1.0,,1,1,1,0,0,0,0,0,0,0,0,0,0,0,0,0,0,0,0,599999.0032,270744
99.73,167.67,32.0,32.0,75.0,2.0,3.0,4.0,4.0,1.0,6.0,1,1,1,0,0,0,0,0,0,0,0,0,0,0,0,0,0,0,0,389999.0041,269097
46.4,71.7,22.5,3.5,32.0,2.0,2.0,4.0,3.0,3.0,,1,1,1,0,0,0,0,0,0,0,0,0,0,0,0,0,0,0,0,57848.9953,276732
90.0,144.6,29.8,,65.0,3.0,4.0,4.0,6.0,1.0,,1,1,1,0,0,0,0,0,0,0,0,0,0,0,0,0,0,0,0,521039.0011,269095
,,,9.2,43.0,2.0,3.0,1.0,6.0,1.0,6.0,1,1,1,0,0,0,0,0,0,0,0,0,0,0,0,0,0,0,0,139998.9961,259430
60.6,95.5,20.8,6.1,43.0,2.0,3.0,,,3.0,6.0,1,1,1,0,0,0,0,0,0,0,0,0,0,0,0,0,0,0,0,87998.9985,281580
74.59,123.21,22.4,15.8,55.0,2.0,3.0,4.0,5.0,1.0,6.0,1,1,1,0,0,0,0,0,0,0,0,0,0,0,0,0,0,0,0,234998.9966,269079
,,,,43.0,,,4.0,,1.0,,1,0,1,0,0,0,0,0,0,0,0,0,0,0,0,0,0,0,0,169998.9996,285422
,,,,50.0,,,4.0,5.0,1.0,,1,0,1,0,0,0,0,0,0,0,0,0,0,0,0,0,0,0,0,219999.0012,285431
64.0,96.8,26.0,,43.0,,,4.0,5.0,1.0,6.0,1,0,1,0,0,0,0,0,0,0,0,0,0,0,0,0,0,0,0,219999.0012,285426
87.22,145.1,27.4,21.3,65.0,2.0,3.0,4.0,5.0,1.0,6.0,1,1,1,0,0,0,0,0,0,0,0,0,0,0,0,0,0,0,0,258099.0012,269087
,,,,65.0,2.0,4.0,4.0,6.0,1.0,6.0,1,1,1,0,0,0,0,0,0,0,0,0,0,0,0,0,0,0,0,265198.9997,260915
62.4,96.63,18.76,9.0,43.0,2.0,3.0,4.0,6.0,3.0,0.0,1,1,1,0,0,0,0,0,0,0,0,0,0,0,0,0,0,0,0,171598.9964,248890
,,,,50.0,1.0,2.0,5.0,6.0,1.0,6.0,1,1,1,0,0,0,0,0,0,0,0,0,0,0,0,0,0,0,0,133498.9964,251596
90.5,144.6,29.0,37.5,65.0,1.0,,4.0,6.0,1.0,6.0,1,1,1,0,0,0,0,0,0,0,0,0,0,0,0,0,0,0,0,301264.0025,252421
,,,,32.0,,,,,3.0,6.0,1,0,1,0,0,0,0,0,0,0,0,0,0,0,0,0,0,0,0,57848.9953,265098
89.6,145.2,29.1,16.7,65.0,2.0,3.0,,6.0,3.0,6.0,1,1,1,0,0,0,0,0,0,0,0,0,0,0,0,0,0,0,0,134999.0061,261996
104.74,167.22,24.11,30.8,75.0,1.0,2.0,4.0,6.0,1.0,6.0,0,1,1,0,0,0,0,0,0,0,0,0,0,0,0,0,0,0,0,258099.0012,242426
90.0,144.0,28.0,20.9,65.0,1.0,3.0,4.0,6.0,1.0,6.0,1,1,1,0,0,0,0,0,0,0,0,0,0,0,0,0,0,0,0,199999.0031,248877
73.8,122.8,25.1,23.0,55.0,3.0,4.0,4.0,6.0,1.0,1.0,1,1,1,0,0,0,0,0,0,0,0,0,0,0,0,0,0,0,0,340869.0033,251524
,,,,55.0,,,4.0,,1.0,6.0,1,1,1,0,0,0,0,0,0,0,0,0,0,0,0,0,0,0,0,418298.9983,270944
78.4,123.6,27.3,11.4,55.0,1.0,3.0,,6.0,3.0,,1,1,1,0,0,0,0,0,0,0,0,0,0,0,0,0,0,0,0,137949.0002,271393
59.8,96.5,2.5,,43.0,2.0,3.0,4.0,6.0,1.0,6.0,1,1,1,0,0,0,0,0,0,0,0,0,0,0,0,0,0,0,0,140398.9953,269068
76.84,122.54,23.21,20.6,55.0,2.0,4.0,4.0,6.0,1.0,,1,1,1,0,0,0,0,0,0,0,0,0,0,0,0,0,0,0,0,845906.0044,283486
100.34,167.67,33.19,32.0,75.0,2.0,3.0,4.0,6.0,1.0,6.0,1,1,1,0,0,0,0,0,0,0,0,0,0,0,0,0,0,0,0,559899.9978,283454
83.8,145.4,26.9,,65.0,,,4.0,5.0,3.0,,1,0,1,0,0,0,0,0,0,0,0,0,0,0,0,0,0,0,0,329998.9971,285450
104.5,167.8,37.8,34.6,75.0,2.0,3.0,4.0,6.0,1.0,6.0,1,1,1,0,0,0,0,0,0,0,0,0,0,0,0,0,0,0,0,349998.9952,270719
71.8,112.2,27.3,9.7,50.0,1.0,3.0,,6.0,3.0,,1,1,1,0,0,0,0,0,0,0,0,0,0,0,0,0,0,0,0,133498.9964,271392
,,,,55.0,,,4.0,6.0,1.0,,1,0,1,0,0,0,0,0,0,0,0,0,0,0,0,0,0,0,0,229998.9939,285439
,,,,75.0,3.0,4.0,4.0,6.0,0.0,6.0,1,1,1,0,0,0,0,0,0,0,0,0,0,0,0,0,0,0,0,1799899.9943,283494
57.7,93.2,17.0,10.1,42.0,3.0,4.0,4.0,6.0,1.0,,1,1,1,0,0,0,0,0,0,0,0,0,0,0,0,0,0,0,0,579999.0051,285465
,,,,55.0,,,4.0,5.0,1.0,,1,0,1,0,0,0,0,0,0,0,0,0,0,0,0,0,0,0,0,309998.999,285443
96.5,167.7,37.0,,75.0,,,4.0,5.0,3.0,,1,0,1,0,0,0,0,0,0,0,0,0,0,0,0,0,0,0,0,579999.0051,285459
61.8,107.1,23.0,,48.0,,,4.0,6.0,1.0,,1,0,1,0,0,0,0,0,0,0,0,0,0,0,0,0,0,0,0,619999.0013,285466
,,,,65.0,1.0,3.0,4.0,,1.0,6.0,1,1,1,0,0,0,0,0,0,0,0,0,0,0,0,0,0,0,0,177998.9963,271394
89.11,144.63,28.57,27.3,65.0,2.0,4.0,4.0,3.0,1.0,,1,1,1,0,0,0,0,0,0,0,0,0,0,0,0,0,0,0,0,879900.0055,283477
67.5,107.1,23.0,16.8,48.0,3.0,4.0,4.0,6.0,1.0,,1,1,1,0,0,0,0,0,0,0,0,0,0,0,0,0,0,0,0,619999.0013,285467
89.0,144.4,27.0,27.9,65.0,2.0,4.0,4.0,5.0,1.0,6.0,1,1,1,0,0,0,0,0,0,0,0,0,0,0,0,0,0,0,0,1249900.0021,283487
96.4,167.8,37.8,,75.0,,,4.0,5.0,3.0,,1,0,1,0,0,0,0,0,0,0,0,0,0,0,0,0,0,0,0,539998.9962,285458
,,,,86.0,,,4.0,5.0,3.0,,1,0,1,0,0,0,0,0,0,0,0,0,0,0,0,0,0,0,0,759999.0007,285463
101.7,167.0,30.1,39.7,75.0,2.0,4.0,4.0,,1.0,,1,1,1,0,0,0,0,0,0,0,0,0,0,0,0,0,0,0,0,1399899.9942,283484
96.4,167.8,36.1,,75.0,,,4.0,5.0,3.0,,1,0,1,0,0,0,0,0,0,0,0,0,0,0,0,0,0,0,0,509999.0054,285457
83.8,145.4,34.0,,65.0,,,4.0,5.0,3.0,,1,0,1,0,0,0,0,0,0,0,0,0,0,0,0,0,0,0,0,349998.9952,285451
,,,,86.0,,,4.0,5.0,3.0,,1,0,1,0,0,0,0,0,0,0,0,0,0,0,0,0,0,0,0,689999.001,285462
,,,,85.0,2.0,4.0,4.0,,1.0,6.0,1,1,1,0,0,0,0,0,0,0,0,0,0,0,0,0,0,0,0,1699900.0038,283479
89.8,144.3,26.7,32.6,65.0,3.0,4.0,4.0,6.0,0.0,6.0,1,1,1,0,0,0,0,0,0,0,0,0,0,0,0,0,0,0,0,1349900.0053,283493
,,,,65.0,2.0,4.0,4.0,,1.0,6.0,1,1,1,0,0,0,0,0,0,0,0,0,0,0,0,0,0,0,0,469998.9965,269094
89.6,145.2,30.0,16.5,65.0,2.0,3.0,4.0,6.0,3.0,6.0,1,1,1,0,0,0,0,0,0,0,0,0,0,0,0,0,0,0,0,206900.0053,275849
65.0,111.2,5.1,,50.0,2.0,3.0,5.0,5.0,1.0,6.0,1,0,0,0,0,0,0,0,0,0,0,0,0,0,0,0,0,0,0,139998.9961,274434
,,,,65.0,2.0,3.0,4.0,6.0,3.0,6.0,1,1,1,0,0,0,0,0,0,0,0,0,0,0,0,0,0,0,0,189998.9977,275846
102.8,98.6,41.7,17.4,43.0,2.0,4.0,4.0,,1.0,0.0,1,1,1,0,0,0,0,0,0,0,0,0,0,0,0,0,0,0,0,171598.9964,244700
70.4,122.6,4.4,,55.0,1.0,3.0,5.0,5.0,1.0,6.0,1,1,1,0,0,0,0,0,0,0,0,0,0,0,0,0,0,0,0,149999.0015,274433
48.0,73.2,17.5,4.5,32.0,1.0,2.0,4.0,5.0,3.0,6.0,0,1,0,0,0,0,0,0,0,0,0,0,0,0,0,0,0,0,0,55998.999,261083
46.4,73.6,18.0,,32.0,,2.0,4.0,4.0,3.0,6.0,1,0,1,0,0,0,0,0,0,0,0,0,0,0,0,0,0,0,0,84999.0045,267002
72.3,111.2,25.1,,50.0,1.0,3.0,,6.0,3.0,6.0,1,1,1,0,0,0,0,0,0,0,0,0,0,0,0,0,0,0,0,139998.9961,278439
