dim_height,dim_width,dim_depth,dim_weight,display_size,num_usb,num_hdmi,display_type,energyclass,display_resolution,dim_color,smart,usb,wifi,dim_density,display_pixeldensity,display_relativeenergy,is_company_tcl,is_company_lg,is_company_hisense,is_company_dyras,is_company_samsung,is_company_sony,is_company_tesla,is_company_philips,is_company_panasonic,is_company_loewe,is_company_gaba,is_company_nokia,is_company_vortex,is_company_smart,is_company_strong,price,serial_id
56.0,95.7,4.4,,43.0,1.0,3.0,5.0,5.0,1.0,6.0,1,1,1,,0.0001865950141812211,0.3333333333333333,1,0,0,0,0,0,0,0,0,0,0,0,0,0,0,119998.998,274435
78.8,123.5,26.0,,55.0,2.0,3.0,1.0,,1.0,,1,1,1,,0.00010275591360282784,,0,1,0,0,0,0,0,0,0,0,0,0,0,0,0,199999.0031,276494
,,,7.5,43.0,2.0,3.0,4.0,5.0,1.0,6.0,1,1,1,,,0.3333333333333333,0,0,1,0,0,0,0,0,0,0,0,0,0,0,0,109999.0053,275834
46.9,73.0,18.8,3.9,32.0,2.0,2.0,4.0,5.0,3.0,6.0,0,1,0,6.05914094431867e-05,0.0008762449981014692,0.6666666666666666,0,0,0,1,0,0,0,0,0,0,0,0,0,0,0,47999.0023,271832
91.58,144.75,30.85,19.6,65.0,1.0,3.0,4.0,5.0,1.0,6.0,1,1,1,4.7927159608372434e-05,7.543637111828008e-05,0.3333333333333333,0,0,0,0,1,0,0,0,0,0,0,0,0,0,0,194999.0004,274692
,,,,50.0,2.0,3.0,4.0,6.0,1.0,6.0,1,1,1,,,0.2857142857142857,0,0,1,0,0,0,0,0,0,0,0,0,0,0,0,124999.0007,275837
90.8,145.5,34.0,24.0,65.0,2.0,3.0,1.0,6.0,1.0,6.0,1,1,1,5.3429791917675376e-05,7.569220521670678e-05,0.2857142857142857,0,1,0,0,0,0,0,0,0,0,0,0,0,0,0,249999.0047,270707
64.6,111.7,7.4,9.8,50.0,2.0,2.0,4.0,6.0,1.0,6.0,1,1,1,0.00018353067625361005,0.00013858438819150146,0.2857142857142857,0,0,1,0,0,0,0,0,0,0,0,0,0,0,0,119900.0015,261993
,,,,55.0,2.0,3.0,4.0,6.0,1.0,6.0,1,1,1,,,0.2857142857142857,0,0,1,0,0,0,0,0,0,0,0,0,0,0,0,128899.9962,275840
,,,,55.0,,3.0,2.0,,1.0,6.0,1,1,1,,,,1,0,0,0,0,0,0,0,0,0,0,0,0,0,0,199999.0031,270972
,,,,55.0,,,3.0,6.0,1.0,,1,1,1,,,0.2857142857142857,0,1,0,0,0,0,0,0,0,0,0,0,0,0,0,419998.9949,270739
56.9,90.9,22.0,,40.0,1.0,3.0,4.0,5.0,2.0,,0,1,0,,0.00038668190193360283,0.5,0,0,0,1,0,0,0,0,0,0,0,0,0,0,0,69998.9964,255073
74.34,123.79,22.78,,55.0,2.0,4.0,2.0,,1.0,6.0,1,1,1,,0.00010866554945441962,,0,0,0,0,1,0,0,0,0,0,0,0,0,0,0,259998.9974,249106
,,,10.3,43.0,2.0,3.0,1.0,6.0,1.0,6.0,1,1,1,,,0.2857142857142857,0,1,0,0,0,0,0,0,0,0,0,0,0,0,0,144998.9988,270685
78.3,124.4,23.5,14.4,55.0,1.0,3.0,4.0,6.0,1.0,6.0,1,1,1,6.29089573705314e-05,0.0001026639234866311,0.2857142857142857,0,1,0,0,0,0,0,0,0,0,0,0,0,0,0,149999.0015,271307
46.54,73.74,15.05,4.1,32.0,1.0,2.0,4.0,5.0,3.0,6.0,0,1,1,7.938123376883925e-05,0.0008741616352836813,0.6666666666666666,0,0,0,0,1,0,0,0,0,0,0,0,0,0,0,85499.0035,234480
78.7,124.3,33.8,17.5,55.0,2.0,4.0,4.0,6.0,1.0,6.0,1,1,1,5.2926781773605976e-05,0.00010222429851130754,0.2857142857142857,0,0,0,0,0,1,0,0,0,0,0,0,0,0,0,279998.9955,251625
,,,,55.0,2.0,4.0,4.0,6.0,1.0,6.0,1,1,1,,,0.2857142857142857,0,0,1,0,0,0,0,0,0,0,0,0,0,0,0,289999.0009,275844
99.85,168.23,31.58,,75.0,2.0,4.0,2.0,6.0,1.0,6.0,1,1,1,,5.953172759793558e-05,0.2857142857142857,0,0,0,0,1,0,0,0,0,0,0,0,0,0,0,479999.0019,249104
96.1,167.7,8.5,26.0,75.0,2.0,3.0,2.0,6.0,1.0,2.0,1,1,1,0.00018980077087583095,6.205025201709857e-05,0.2857142857142857,0,0,1,0,0,0,0,0,0,0,0,0,0,0,0,299899.9971,258128
82.6,144.6,4.5,21.8,65.0,1.0,3.0,5.0,5.0,1.0,6.0,1,1,1,0.0004055978456428559,8.37243259354519e-05,0.3333333333333333,1,0,0,0,0,0,0,0,0,0,0,0,0,0,0,179999.005,274432
76.5,122.7,29.2,12.2,55.0,1.0,2.0,2.0,6.0,1.0,,1,1,1,4.451137203531459e-05,0.00010653541503534311,0.2857142857142857,1,0,0,0,0,0,0,0,0,0,0,0,0,0,0,169998.9996,282747
,,,,70.0,2.0,3.0,4.0,6.0,1.0,6.0,1,1,1,,,0.2857142857142857,0,0,1,0,0,0,0,0,0,0,0,0,0,0,0,199999.0031,275852
,,,13.7,50.0,2.0,3.0,1.0,6.0,1.0,6.0,1,1,1,,,0.2857142857142857,0,1,0,0,0,0,0,0,0,0,0,0,0,0,0,169998.9996,270691
71.9,113.0,23.5,11.4,50.0,1.0,3.0,4.0,6.0,1.0,,0,1,1,5.9707605570510095e-05,0.00012308146762341992,0.2857142857142857,0,1,0,0,0,0,0,0,0,0,0,0,0,0,0,149999.0015,270696
46.4,73.6,18.0,4.7,32.0,,2.0,4.0,5.0,2.0,6.0,1,0,1,7.645916625020824e-05,0.0005856446776611695,0.5,0,1,0,0,0,0,0,0,0,0,0,0,0,0,0,94998.9972,267001
78.87,122.76,25.17,12.5,55.0,1.0,3.0,4.0,6.0,1.0,6.0,1,1,1,5.1292997196289596e-05,0.00010328357915444873,0.2857142857142857,0,0,0,0,1,0,0,0,0,0,0,0,0,0,0,159998.9942,274691
61.1,97.3,18.7,8.1,43.0,1.0,3.0,4.0,6.0,1.0,,1,1,1,7.28600327019214e-05,0.00016820772981801608,0.2857142857142857,0,1,0,0,0,0,0,0,0,0,0,0,0,0,0,127998.9947,270687
,,,,55.0,2.0,3.0,4.0,5.0,1.0,6.0,1,1,1,,,0.3333333333333333,0,0,1,0,0,0,0,0,0,0,0,0,0,0,0,139998.9961,275839
73.5,122.7,33.0,,55.0,2.0,4.0,3.0,,1.0,6.0,1,1,1,,0.00011088379932249998,,0,0,0,0,0,1,0,0,0,0,0,0,0,0,0,399998.9968,251632
61.6,96.9,202.0,9.0,43.0,2.0,3.0,,5.0,1.0,6.0,1,1,1,7.4642581462922935e-06,0.00016753112728344925,0.3333333333333333,0,0,0,1,0,0,0,0,0,0,0,0,0,0,0,99998.9999,271835
56.8,90.7,20.7,7.7,40.0,2.0,3.0,4.0,5.0,2.0,6.0,1,1,1,7.220458179893909e-05,0.00038821684239949064,0.5,0,0,0,1,0,0,0,0,0,0,0,0,0,0,0,74998.9991,271834
74.2,122.7,19.0,11.7,55.0,2.0,3.0,,4.0,1.0,6.0,1,1,1,6.763691532655969e-05,0.00010983772574398583,0.4,0,0,0,0,0,0,1,0,0,0,0,0,0,0,0,129999.0034,281582
,,,,85.0,3.0,4.0,2.0,,0.0,6.0,0,1,1,,,,0,0,0,0,1,0,0,0,0,0,0,0,0,0,0,2499900.004,283495
,,,,32.0,2.0,3.0,4.0,5.0,3.0,6.0,1,1,0,,,0.6666666666666666,0,0,0,1,0,0,0,0,0,0,0,0,0,0,0,59999.0037,274805
75.7,122.2,23.0,16.0,55.0,3.0,4.0,3.0,6.0,1.0,,1,1,1,7.520125029598741e-05,0.0001081017973004819,0.2857142857142857,0,1,0,0,0,0,0,0,0,0,0,0,0,0,0,759999.0007,285470
61.6,96.9,20.2,6.3,43.0,2.0,3.0,4.0,5.0,1.0,,1,1,1,5.2249807024046054e-05,0.00016753112728344925,0.3333333333333333,0,0,0,1,0,0,0,0,0,0,0,0,0,0,0,109999.0053,261846
63.0,95.8,21.7,,43.0,1.0,3.0,,6.0,1.0,6.0,1,0,1,,0.00016568910097093813,0.2857142857142857,0,0,0,0,1,0,0,0,0,0,0,0,0,0,0,119998.998,278438
,,,,65.0,,,4.0,6.0,1.0,,1,0,1,,,0.2857142857142857,0,1,0,0,0,0,0,0,0,0,0,0,0,0,0,299999.0063,285448
,,,,55.0,,,3.0,6.0,1.0,,1,0,1,,,0.2857142857142857,0,1,0,0,0,0,0,0,0,0,0,0,0,0,0,719999.0045,285468
75.7,122.2,24.5,22.0,55.0,3.0,4.0,3.0,5.0,1.0,,1,1,1,9.70710016575756e-05,0.0001081017973004819,0.3333333333333333,0,1,0,0,0,0,0,0,0,0,0,0,0,0,0,939998.9963,285471
,,,,77.0,,,3.0,5.0,1.0,,1,0,1,,,0.3333333333333333,0,1,0,0,0,0,0,0,0,0,0,0,0,0,0,1519999.0047,285477
88.0,144.1,23.0,18.5,65.0,3.0,4.0,3.0,5.0,1.0,,1,1,1,6.343036922646493e-05,7.885937795722667e-05,0.3333333333333333,0,1,0,0,0,0,0,0,0,0,0,0,0,0,0,1049999.0049,285474
,,,,42.0,,,3.0,6.0,1.0,,1,0,1,,,0.2857142857142857,0,1,0,0,0,0,0,0,0,0,0,0,0,0,0,579999.0051,285464
,,,,55.0,2.0,3.0,2.0,6.0,1.0,,1,1,1,,,0.2857142857142857,0,0,0,0,0,0,1,0,0,0,0,0,0,0,0,199899.9939,270952
,,,,83.0,,,3.0,5.0,1.0,,1,0,1,,,0.3333333333333333,0,1,0,0,0,0,0,0,0,0,0,0,0,0,0,2339999.003,285480
86.9,144.9,24.6,25.0,65.0,2.0,4.0,3.0,5.0,1.0,,1,1,1,8.07080286790879e-05,7.94167002202225e-05,0.3333333333333333,0,1,0,0,0,0,0,0,0,0,0,0,0,0,0,979999.0052,285472
87.8,144.1,24.5,28.1,65.0,3.0,4.0,3.0,5.0,1.0,,1,1,1,9.065290772750227e-05,7.903901207558027e-05,0.3333333333333333,0,1,0,0,0,0,0,0,0,0,0,0,0,0,0,1299999.0002,285475
167.7,104.2,37.0,41.5,75.0,2.0,4.0,0.0,3.0,1.0,,1,0,0,6.4186780251593e-05,5.72267679351552e-05,0.5,0,1,0,0,0,0,0,0,0,0,0,0,0,0,0,869998.9966,285455
35.66,55.15,14.8,3.1,24.0,1.0,2.0,4.0,4.0,3.0,6.0,0,1,0,0.00010650576664135771,0.001525437431895575,0.8,0,0,0,0,0,0,0,1,0,0,0,0,0,0,0,59499.0047,272238
,,,15.6,50.0,2.0,4.0,0.0,6.0,1.0,6.0,1,1,1,,,0.2857142857142857,0,1,0,0,0,0,0,0,0,0,0,0,0,0,0,259998.9974,270694
,,,10.3,43.0,2.0,3.0,1.0,6.0,1.0,6.0,1,1,1,,,0.2857142857142857,0,1,0,0,0,0,0,0,0,0,0,0,0,0,0,149999.0015,270686
116.3,189.2,33.8,,85.0,2.0,4.0,,6.0,1.0,6.0,1,1,1,,4.544636510882587e-05,0.2857142857142857,0,0,0,0,1,0,0,0,0,0,0,0,0,0,0,644999.0021,269109
77.0,122.7,25.0,15.4,55.0,2.0,4.0,4.0,6.0,1.0,2.0,0,1,1,6.519967400162999e-05,0.00010584362662602271,0.2857142857142857,0,0,1,0,0,0,0,0,0,0,0,0,0,0,0,132998.9974,237970
,,,,55.0,2.0,3.0,1.0,,1.0,6.0,1,1,1,,,,0,1,0,0,0,0,0,0,0,0,0,0,0,0,0,199999.0031,270700
70.3,111.7,27.4,9.8,50.0,2.0,3.0,2.0,6.0,1.0,6.0,1,1,1,4.5547759070238986e-05,0.0001273478161759743,0.2857142857142857,0,0,1,0,0,0,0,0,0,0,0,0,0,0,0,138900.0016,275838
87.2,144.5,25.0,16.7,65.0,2.0,4.0,,,1.0,1.0,1,1,1,5.3014190025713465e-05,7.936255991873275e-05,,0,0,0,0,0,0,1,0,0,0,0,0,0,0,0,164998.9969,281583
70.8,111.3,22.3,,50.0,2.0,4.0,,5.0,1.0,6.0,1,1,1,,0.00012690290912228873,0.3333333333333333,0,0,0,0,1,0,0,0,0,0,0,0,0,0,0,325599.0059,269075
48.0,73.2,17.5,4.0,32.0,1.0,2.0,,5.0,3.0,,1,1,1,6.505334374186832e-05,0.0008538251366120217,0.6666666666666666,1,0,0,0,0,0,0,0,0,0,0,0,0,0,0,64998.9937,283134
,,,,24.0,,,4.0,,,6.0,0,1,0,,,,0,0,0,1,0,0,0,0,0,0,0,0,0,0,0,48949.0004,254211
89.75,145.17,29.0,21.7,65.0,2.0,3.0,4.0,6.0,1.0,2.0,1,1,1,5.7431532069420145e-05,7.675181705129881e-05,0.2857142857142857,0,0,0,0,1,0,0,0,0,0,0,0,0,0,0,449900.0019,283459
74.88,123.21,22.63,15.8,55.0,2.0,3.0,4.0,6.0,1.0,6.0,1,1,1,7.567644802758839e-05,0.00010838974802938767,0.2857142857142857,0,0,0,0,1,0,0,0,0,0,0,0,0,0,0,319899.9952,283452
74.2,122.7,25.6,,55.0,2.0,3.0,4.0,6.0,1.0,6.0,0,1,1,,0.00010983772574398583,0.2857142857142857,0,0,0,0,0,0,0,1,0,0,0,0,0,0,0,159998.9942,265165
,,,14.2,55.0,,3.0,4.0,,1.0,6.0,1,1,1,,,,0,0,0,0,1,0,0,0,0,0,0,0,0,0,0,140398.9953,248883
73.26,73.26,16.65,4.0,32.0,2.0,3.0,4.0,4.0,3.0,6.0,0,1,1,4.476225168662077e-05,0.0005589686179366768,0.8,0,0,0,0,0,0,0,1,0,0,0,0,0,0,0,74798.9995,237351
69.0,111.3,21.0,10.5,50.0,2.0,3.0,4.0,5.0,1.0,6.0,1,1,1,6.510670989752204e-05,0.00013021341979504409,0.3333333333333333,0,0,0,0,0,0,1,0,0,0,0,0,0,0,0,149999.0015,260350
114.3,189.2,32.6,47.2,85.0,2.0,4.0,2.0,6.0,1.0,,1,1,1,6.695099506029886e-05,4.624157709673184e-05,0.2857142857142857,0,0,0,0,1,0,0,0,0,0,0,0,0,0,0,1399899.9942,283475
91.5,145.27,32.27,25.4,65.0,2.0,3.0,4.0,6.0,1.0,2.0,1,1,1,5.921581631905243e-05,7.523206270141032e-05,0.2857142857142857,0,0,0,0,1,0,0,0,0,0,0,0,0,0,0,204698.9937,282849
68.4,170.0,23.5,11.7,48.0,2.0,3.0,3.0,6.0,1.0,6.0,1,1,1,4.281667874316579e-05,8.599931200550394e-05,0.2857142857142857,0,1,0,0,0,0,0,0,0,0,0,0,0,0,0,299999.0063,270730
37.5,55.7,16.6,2.9,24.0,2.0,2.0,4.0,5.0,,,1,1,1,8.363796298299121e-05,,,0,0,0,1,0,0,0,0,0,0,0,0,0,0,0,56998.997,261842
65.0,107.1,25.1,18.0,48.0,3.0,4.0,3.0,6.0,1.0,,1,1,1,0.00010301393005869217,0.0001436472024707319,0.2857142857142857,0,1,0,0,0,0,0,0,0,0,0,0,0,0,0,349998.9952,270733
71.6,123.6,26.0,,55.0,,,0.0,4.0,1.0,,1,0,1,,0.00011299741461915353,0.4,0,1,0,0,0,0,0,0,0,0,0,0,0,0,0,439999.0057,285436
90.9,145.6,28.5,26.3,65.0,2.0,4.0,0.0,4.0,1.0,,1,1,1,6.972453559217499e-05,7.555700625007555e-05,0.4,0,1,0,0,0,0,0,0,0,0,0,0,0,0,0,539998.9962,285446
112.3,190.0,34.5,42.5,85.0,2.0,3.0,2.0,5.0,1.0,,1,1,1,5.773464207578453e-05,4.6866944743872144e-05,0.3333333333333333,0,0,0,0,1,0,0,0,0,0,0,0,0,0,0,949900.0052,283466
84.0,145.6,28.5,,65.0,2.0,4.0,0.0,6.0,1.0,,1,1,1,,8.176347462061748e-05,0.2857142857142857,0,1,0,0,0,0,0,0,0,0,0,0,0,0,0,539998.9962,285445
65.2,112.3,26.0,,50.0,,,0.0,4.0,1.0,,1,0,1,,0.00013657545247447404,0.4,0,1,0,0,0,0,0,0,0,0,0,0,0,0,0,379998.9987,285429
71.6,123.6,26.0,,55.0,2.0,4.0,0.0,4.0,1.0,,1,1,1,,0.00011299741461915353,0.4,0,1,0,0,0,0,0,0,0,0,0,0,0,0,0,439999.0057,285437
99.73,167.67,32.0,32.0,75.0,2.0,3.0,2.0,3.0,1.0,6.0,1,1,1,5.980242796781105e-05,5.980242796781105e-05,0.5,0,0,0,0,1,0,0,0,0,0,0,0,0,0,0,649899.9956,283465
,,,,75.0,2.0,4.0,2.0,5.0,1.0,6.0,1,1,1,,,0.3333333333333333,0,0,0,0,1,0,0,0,0,0,0,0,0,0,0,1599900.0006,283488
76.8,122.7,23.5,21.9,55.0,2.0,4.0,2.0,5.0,1.0,6.0,1,1,1,9.889411989110265e-05,0.00010611926107036131,0.3333333333333333,0,0,0,0,1,0,0,0,0,0,0,0,0,0,0,288599.0037,269084
,,,,65.0,3.0,4.0,2.0,,1.0,2.0,1,1,1,,,,0,0,0,0,1,0,0,0,0,0,0,0,0,0,0,489998.9946,245419
70.8,112.1,23.2,12.4,50.0,2.0,3.0,1.0,6.0,1.0,,1,1,1,6.734336758199773e-05,0.00012599726837922155,0.2857142857142857,0,1,0,0,0,0,0,0,0,0,0,0,0,0,0,148199.0051,274054
90.4,144.7,29.4,19.5,65.0,2.0,3.0,4.0,6.0,1.0,6.0,0,1,1,5.0704945395298255e-05,7.644745613444968e-05,0.2857142857142857,0,0,1,0,0,0,0,0,0,0,0,0,0,0,0,143999.0008,235311
76.8,123.0,25.0,13.0,55.0,,,,6.0,1.0,6.0,1,1,1,5.504742547425474e-05,0.00010586043360433605,0.2857142857142857,0,0,1,0,0,0,0,0,0,0,0,0,0,0,0,119998.998,258130
90.62,144.84,28.21,20.9,65.0,1.0,2.0,4.0,6.0,1.0,6.0,0,1,1,5.6445669163459885e-05,7.618814962206715e-05,0.2857142857142857,0,0,0,0,1,0,0,0,0,0,0,0,0,0,0,174438.9958,242428
67.9,107.1,27.1,15.3,48.0,2.0,3.0,3.0,6.0,1.0,,1,1,1,7.76359541419946e-05,0.00013751204949333685,0.2857142857142857,0,1,0,0,0,0,0,0,0,0,0,0,0,0,0,238519.0048,251529
,,,,55.0,2.0,3.0,4.0,6.0,1.0,6.0,1,1,1,,,0.2857142857142857,0,0,0,0,0,0,0,0,1,0,0,0,0,0,0,155749.0027,273529
83.5,145.2,7.4,24.5,65.0,1.0,3.0,4.0,6.0,1.0,6.0,1,1,1,0.0002730745790081664,8.247966876165026e-05,0.2857142857142857,0,0,1,0,0,0,0,0,0,0,0,0,0,0,0,227998.9979,258126
71.2,122.6,6.8,18.0,55.0,2.0,4.0,3.0,6.0,1.0,2.0,1,1,1,0.0003032446367479668,0.00011455908499367633,0.2857142857142857,0,0,1,0,0,0,0,0,0,0,0,0,0,0,0,179999.005,261999
,,,,55.0,2.0,4.0,0.0,6.0,1.0,6.0,1,1,1,,,0.2857142857142857,0,1,0,0,0,0,0,0,0,0,0,0,0,0,0,243858.9992,270702
63.8,111.2,8.0,,50.0,,,2.0,,1.0,6.0,1,0,0,,0.00014095306826639002,,1,0,0,0,0,0,0,0,0,0,0,0,0,0,0,133498.9964,269324
62.7,96.3,19.2,,43.0,,3.0,4.0,,1.0,6.0,1,1,1,,0.00016561747993130185,,0,0,0,0,1,0,0,0,0,0,0,0,0,0,0,129049.0053,248893
62.9,106.9,22.5,16.5,48.0,2.0,4.0,3.0,6.0,1.0,6.0,1,1,1,0.00010906190403246475,0.0001487207782260883,0.2857142857142857,0,0,0,0,0,1,0,0,0,0,0,0,0,0,0,849998.9985,273996
55.9,89.3,18.2,5.5,40.0,2.0,2.0,4.0,6.0,2.0,6.0,0,1,1,6.053799521978781e-05,0.00040065145927277755,0.42857142857142855,0,0,1,0,0,0,0,0,0,0,0,0,0,0,0,65999.0044,237966
46.9,71.7,16.0,3.7,32.0,2.0,2.0,4.0,6.0,3.0,6.0,0,1,1,6.876853033101081e-05,0.0008921322853752754,0.5714285714285714,0,0,1,0,0,0,0,0,0,0,0,0,0,0,0,55998.999,237964
59.98,96.55,20.56,8.9,43.0,2.0,3.0,2.0,6.0,1.0,,1,1,1,7.474947672561089e-05,0.00017267969005377073,0.2857142857142857,0,0,0,0,1,0,0,0,0,0,0,0,0,0,0,134999.0061,248889
,,,,55.0,2.0,4.0,2.0,6.0,1.0,6.0,0,1,1,,,0.2857142857142857,0,0,0,0,1,0,0,0,0,0,0,0,0,0,0,226199.0015,234483
89.7,145.1,29.0,,65.0,2.0,4.0,2.0,5.0,1.0,,1,1,1,,7.683164726283416e-05,0.3333333333333333,0,0,0,0,1,0,0,0,0,0,0,0,0,0,0,293699.0062,269088
118.0,189.0,39.0,41.3,85.0,1.0,3.0,4.0,6.0,1.0,6.0,1,1,1,4.748338081671415e-05,4.483902788987535e-05,0.2857142857142857,0,0,0,0,1,0,0,0,0,0,0,0,0,0,0,401699.0061,248865
,,,,75.0,3.0,4.0,2.0,6.0,0.0,6.0,1,1,1,,,0.14285714285714285,0,0,0,0,1,0,0,0,0,0,0,0,0,0,0,2249910.0036,283497
57.7,93.2,17.0,9.3,42.0,,,3.0,6.0,1.0,,1,1,1,0.0001017284205579793,0.00018595517736404816,0.2857142857142857,0,1,0,0,0,0,0,0,0,0,0,0,0,0,0,364999.0033,270729
71.1,123.3,7.4,17.5,55.0,2.0,3.0,4.0,6.0,1.0,2.0,1,1,1,0.0002697575767273017,0.0001140689181589733,0.2857142857142857,0,0,1,0,0,0,0,0,0,0,0,0,0,0,0,179999.005,258127
71.91,111.68,25.02,11.6,50.0,1.0,3.0,4.0,6.0,1.0,,1,1,1,5.773058918594891e-05,0.000124518908744176,0.2857142857142857,0,0,0,0,1,0,0,0,0,0,0,0,0,0,0,140398.9953,248888
101.8,167.0,31.3,37.9,75.0,2.0,4.0,2.0,6.0,1.0,,1,1,1,7.12246991169904e-05,5.8821453360469633e-05,0.2857142857142857,0,0,0,0,1,0,0,0,0,0,0,0,0,0,0,899909.9985,283474
104.7,167.3,34.1,,75.0,1.0,3.0,4.0,5.0,1.0,,1,1,1,,5.708964958943978e-05,0.3333333333333333,0,0,0,0,1,0,0,0,0,0,0,0,0,0,0,489998.9946,283503
,,,,85.0,2.0,4.0,2.0,5.0,1.0,6.0,1,1,1,,,0.3333333333333333,0,0,0,0,1,0,0,0,0,0,0,0,0,0,0,2046910.9938,283489
68.17,111.83,22.4,11.8,50.0,2.0,3.0,2.0,5.0,1.0,6.0,1,1,1,6.910068778242892e-05,0.0001311741869768142,0.3333333333333333,0,0,0,0,1,0,0,0,0,0,0,0,0,0,0,186899.0039,269073
76.8,122.7,25.3,,55.0,2.0,4.0,2.0,6.0,1.0,,1,1,1,,0.00010611926107036131,0.2857142857142857,0,0,0,0,1,0,0,0,0,0,0,0,0,0,0,494909.9957,283472
62.3,97.3,21.6,8.0,43.0,1.0,2.0,4.0,6.0,1.0,6.0,1,1,1,6.109917538719922e-05,0.0001649677735454379,0.2857142857142857,0,1,0,0,0,0,0,0,0,0,0,0,0,0,0,120148.9977,251608
76.7,122.8,27.1,18.7,55.0,2.0,3.0,3.0,6.0,1.0,,1,1,1,7.326196870596592e-05,0.00010617108833859234,0.2857142857142857,0,1,0,0,0,0,0,0,0,0,0,0,0,0,0,269999.0028,251526
113.15,190.09,39.47,43.5,85.0,2.0,3.0,4.0,6.0,1.0,6.0,1,1,1,5.123990331318389e-05,4.6492850201640645e-05,0.2857142857142857,0,0,0,0,1,0,0,0,0,0,0,0,0,0,0,734989.9956,283455
76.82,122.74,23.7,20.6,55.0,2.0,4.0,2.0,6.0,1.0,1.0,1,1,1,9.218461634689337e-05,0.00010605705861268799,0.2857142857142857,0,0,0,0,1,0,0,0,0,0,0,0,0,0,0,719910.0029,283482
87.22,145.09,27.4,21.3,65.0,2.0,3.0,2.0,4.0,1.0,6.0,1,1,1,6.142928742642725e-05,7.902171246404256e-05,0.4,0,0,0,0,1,0,0,0,0,0,0,0,0,0,0,431909.9947,283464
,,,,85.0,2.0,3.0,4.0,5.0,1.0,6.0,1,1,1,,,0.3333333333333333,0,0,0,0,1,0,0,0,0,0,0,0,0,0,0,719999.0045,283504
,,,,85.0,2.0,4.0,2.0,5.0,1.0,6.0,1,1,1,,,0.3333333333333333,0,0,0,0,1,0,0,0,0,0,0,0,0,0,0,1739913.0048,283485
,,,,85.0,3.0,4.0,2.0,6.0,0.0,6.0,1,1,1,,,0.14285714285714285,0,0,0,0,1,0,0,0,0,0,0,0,0,0,0,3114911.0041,283498
,,,,50.0,1.0,3.0,4.0,,1.0,6.0,1,1,1,,,,0,0,0,0,1,0,0,0,0,0,0,0,0,0,0,219999.0012,283500
,,,,23.6,,,6.0,,3.0,6.0,0,0,0,,,,0,1,0,0,0,0,0,0,0,0,0,0,0,0,0,45668.0062,230581
,,,,40.0,2.0,3.0,4.0,6.0,2.0,6.0,1,1,1,,,0.42857142857142855,0,0,1,0,0,0,0,0,0,0,0,0,0,0,0,94998.9972,275833
58.3,96.84,21.8,7.9,43.0,1.0,2.0,4.0,5.0,2.0,6.0,0,1,0,6.418702723045094e-05,0.0003542473907908431,0.5,0,0,0,0,0,0,0,1,0,0,0,0,0,0,0,97899.0041,237353
,,,,55.0,,,4.0,6.0,1.0,,1,0,1,,,0.2857142857142857,0,1,0,0,0,0,0,0,0,0,0,0,0,0,0,269999.0028,285442
,,,,55.0,,,4.0,6.0,1.0,,1,0,1,,,0.2857142857142857,0,1,0,0,0,0,0,0,0,0,0,0,0,0,0,239998.9993,285440
56.0,96.3,7.4,6.8,43.0,2.0,1.0,,6.0,1.0,2.0,1,1,1,0.00017039736665904888,0.00018543242842308262,0.2857142857142857,0,0,1,0,0,0,0,0,0,0,0,0,0,0,0,89998.9945,261998
55.2,95.8,8.0,,43.0,,,2.0,,1.0,6.0,1,1,1,,0.0001891016913255272,,1,0,0,0,0,0,0,0,0,0,0,0,0,0,0,124599.0015,269323
78.3,122.7,25.5,,55.0,2.0,4.0,,6.0,1.0,6.0,1,1,1,,0.00010408632503453064,0.2857142857142857,0,0,0,0,1,0,0,0,0,0,0,0,0,0,0,289999.0009,269081
,,,,55.0,,,4.0,6.0,1.0,,1,0,1,,,0.2857142857142857,0,1,0,0,0,0,0,0,0,0,0,0,0,0,0,259998.9974,285441
,,,,50.0,,,4.0,6.0,1.0,,1,0,1,,,0.2857142857142857,0,1,0,0,0,0,0,0,0,0,0,0,0,0,0,209998.9958,285430
,,,,40.0,,,4.0,,2.0,6.0,1,0,1,,,,1,0,0,0,0,0,0,0,0,0,0,0,0,0,0,88998.9965,265099
90.5,144.6,28.9,,65.0,2.0,4.0,2.0,6.0,1.0,,1,1,1,,7.641579361622461e-05,0.2857142857142857,0,0,0,0,1,0,0,0,0,0,0,0,0,0,0,379998.9987,269089
145.6,196.1,28.1,42.0,88.0,3.0,4.0,3.0,6.0,0.0,1.0,1,1,1,5.234847106867519e-05,0.0,0.14285714285714285,0,1,0,0,0,0,0,0,0,0,0,0,0,0,0,4437998.998,251508
89.14,144.63,28.54,30.3,65.0,3.0,4.0,2.0,6.0,1.0,,1,1,1,8.234886993543798e-05,7.756556923951815e-05,0.2857142857142857,0,0,0,0,1,0,0,0,0,0,0,0,0,0,0,424998.9976,282848
46.54,73.74,15.05,4.1,32.0,1.0,2.0,4.0,5.0,2.0,6.0,1,1,1,7.938123376883925e-05,0.0005827744235224542,0.5,0,0,0,0,1,0,0,0,0,0,0,0,0,0,0,99998.9999,283506
98.6,156.2,37.8,31.7,70.0,2.0,3.0,4.0,6.0,1.0,6.0,1,1,1,5.445145861681589e-05,6.492949954938928e-05,0.2857142857142857,0,1,0,0,0,0,0,0,0,0,0,0,0,0,0,288599.0037,270718
76.8,123.7,27.4,12.9,55.0,2.0,3.0,2.0,6.0,1.0,6.0,1,1,1,4.955736742413067e-05,0.00010526138507140932,0.2857142857142857,0,0,1,0,0,0,0,0,0,0,0,0,0,0,0,149900.005,275842
89.7,145.1,30.0,22.3,65.0,2.0,4.0,2.0,5.0,1.0,,1,1,1,5.711152446537339e-05,7.683164726283416e-05,0.3333333333333333,0,0,0,0,1,0,0,0,0,0,0,0,0,0,0,501414.9992,283468
89.0,144.6,29.1,19.5,65.0,2.0,3.0,2.0,,1.0,6.0,1,0,0,5.206948985838541e-05,7.770370025020592e-05,,1,0,0,0,0,0,0,0,0,0,0,0,0,0,0,259998.9974,269326
,,,,65.0,2.0,3.0,4.0,5.0,1.0,,1,1,1,,,0.3333333333333333,0,1,0,0,0,0,0,0,0,0,0,0,0,0,0,199999.0031,282952
77.4,123.2,25.5,16.9,55.0,2.0,4.0,2.0,6.0,1.0,,1,1,1,6.950160848929659e-05,0.00010486929091580254,0.2857142857142857,0,0,0,0,1,0,0,0,0,0,0,0,0,0,0,407914.9957,283467
,,,,23.0,2.0,2.0,4.0,5.0,3.0,6.0,1,1,1,,,0.6666666666666666,0,0,1,0,0,0,0,0,0,0,0,0,0,0,0,69998.9964,275832
,,,,23.6,,,4.0,5.0,3.0,0.0,0,1,0,,,0.6666666666666666,0,1,0,0,0,0,0,0,0,0,0,0,0,0,0,43289.0041,230693
89.1,144.6,27.0,27.5,65.0,2.0,4.0,2.0,5.0,1.0,1.0,1,1,1,7.905383313063931e-05,7.761649071008224e-05,0.3333333333333333,0,0,0,0,1,0,0,0,0,0,0,0,0,0,0,926116.004,283483
101.9,167.0,31.3,39.9,75.0,2.0,4.0,2.0,3.0,1.0,1.0,1,1,1,7.490967329638553e-05,5.876372867611196e-05,0.5,0,0,0,0,1,0,0,0,0,0,0,0,0,0,0,995916.9947,283478
102.6,167.7,35.1,34.7,75.0,2.0,4.0,2.0,5.0,1.0,,1,1,1,5.7456866178464796e-05,5.81191931661128e-05,0.3333333333333333,0,0,0,0,1,0,0,0,0,0,0,0,0,0,0,680517.0032,283469
70.54,111.36,22.0,17.6,50.0,2.0,4.0,2.0,5.0,1.0,1.0,1,1,1,0.00010184162242666589,0.00012730202803333234,0.3333333333333333,0,0,0,0,1,0,0,0,0,0,0,0,0,0,0,594915.0027,283481
76.79,122.74,25.3,20.2,55.0,2.0,4.0,2.0,5.0,1.0,,1,1,1,8.471104938475454e-05,0.00010609849254625198,0.3333333333333333,0,0,0,0,1,0,0,0,0,0,0,0,0,0,0,589998.9978,283476
70.0,111.2,29.2,10.5,50.0,1.0,2.0,2.0,6.0,1.0,,1,1,1,4.619591997634769e-05,0.00012846865364850977,0.2857142857142857,1,0,0,0,0,0,0,0,0,0,0,0,0,0,0,159998.9942,282746
,,,,55.0,2.0,4.0,4.0,6.0,1.0,6.0,1,1,1,,,0.2857142857142857,0,0,1,0,0,0,0,0,0,0,0,0,0,0,0,198899.9959,275843
,,,,65.0,3.0,4.0,4.0,6.0,0.0,2.0,1,1,1,,,0.14285714285714285,0,1,0,0,0,0,0,0,0,0,0,0,0,0,0,449998.9984,251562
102.69,167.75,33.89,32.5,75.0,2.0,3.0,4.0,6.0,1.0,2.0,1,1,1,5.5669985660723354e-05,5.80509481243666e-05,0.2857142857142857,0,0,0,0,1,0,0,0,0,0,0,0,0,0,0,509914.9949,283460
70.39,111.42,23.7,18.2,50.0,2.0,4.0,2.0,6.0,1.0,,1,1,1,9.791493109963069e-05,0.00012750460808028832,0.2857142857142857,0,0,0,0,1,0,0,0,0,0,0,0,0,0,0,409311.0051,283471
61.0,95.9,25.2,7.8,43.0,1.0,2.0,2.0,6.0,1.0,,1,1,1,5.291095737086266e-05,0.00017094309304432553,0.2857142857142857,1,0,0,0,0,0,0,0,0,0,0,0,0,0,0,144998.9988,282745
59.9,96.5,20.5,8.7,43.0,2.0,3.0,,6.0,1.0,6.0,1,1,1,7.341947181441246e-05,0.00017299990485005235,0.2857142857142857,0,0,0,0,1,0,0,0,0,0,0,0,0,0,0,147899.0057,269115
98.16,169.2,5.98,50.3,75.0,1.0,3.0,2.0,5.0,1.0,6.0,1,1,1,0.0005064445391815911,6.020950982715536e-05,0.3333333333333333,0,0,0,0,1,0,0,0,0,0,0,0,0,0,0,1319998.9983,249101
46.54,73.74,15.05,4.2,32.0,1.0,2.0,4.0,,2.0,6.0,1,1,1,8.131736142173779e-05,0.0005827744235224542,,0,0,0,0,1,0,0,0,0,0,0,0,0,0,0,89368.9983,248894
89.7,144.3,29.8,,65.0,3.0,4.0,,6.0,0.0,6.0,1,1,1,,0.0,0.14285714285714285,0,0,0,0,1,0,0,0,0,0,0,0,0,0,0,589998.9978,269090
59.81,96.55,18.1,8.6,43.0,2.0,3.0,2.0,5.0,1.0,6.0,1,1,1,8.227990770132716e-05,0.00017317050341790952,0.3333333333333333,0,0,0,0,1,0,0,0,0,0,0,0,0,0,0,219999.0012,283461
,,,,75.0,2.0,4.0,4.0,6.0,1.0,6.0,1,1,1,,,0.2857142857142857,0,0,1,0,0,0,0,0,0,0,0,0,0,0,0,624999.004,275855
,,,,55.0,1.0,2.0,4.0,6.0,1.0,6.0,1,1,1,,,0.2857142857142857,0,1,0,0,0,0,0,0,0,0,0,0,0,0,0,155999.0022,260086
,,,,65.0,2.0,3.0,4.0,6.0,1.0,6.0,1,1,1,,,0.2857142857142857,0,0,1,0,0,0,0,0,0,0,0,0,0,0,0,179999.005,275845
85.89,144.9,27.96,28.6,65.0,3.0,4.0,4.0,6.0,1.0,1.0,1,1,1,8.218979133294715e-05,8.035057921920288e-05,0.2857142857142857,0,0,0,0,0,0,0,1,0,0,0,0,0,0,0,539998.9962,262716
,,,,65.0,2.0,4.0,4.0,6.0,1.0,6.0,1,1,1,,,0.2857142857142857,0,0,1,0,0,0,0,0,0,0,0,0,0,0,0,439899.9965,275851
,,,,43.0,2.0,4.0,2.0,6.0,1.0,5.0,1,1,1,,,0.2857142857142857,0,0,0,0,1,0,0,0,0,0,0,0,0,0,0,217499.0062,269066
117.8,192.7,42.5,48.9,86.0,2.0,4.0,1.0,6.0,1.0,,1,1,1,5.068657242730273e-05,4.4052746997144504e-05,0.2857142857142857,0,1,0,0,0,0,0,0,0,0,0,0,0,0,0,599999.0032,270726
77.35,122.54,26.59,18.2,55.0,2.0,4.0,3.0,6.0,1.0,,1,1,1,7.221291171121959e-05,0.00010550227046161147,0.2857142857142857,0,0,0,0,1,0,0,0,0,0,0,0,0,0,0,549999.0016,283507
,,,,65.0,2.0,4.0,3.0,6.0,1.0,6.0,1,1,1,,,0.2857142857142857,0,0,1,0,0,0,0,0,0,0,0,0,0,0,0,599999.0032,275848
,,,,75.0,2.0,4.0,1.0,5.0,1.0,6.0,1,1,1,,,0.3333333333333333,0,1,0,0,0,0,0,0,0,0,0,0,0,0,0,499999.0,270720
,,,42.7,75.0,3.0,4.0,1.0,6.0,0.0,,1,1,1,,,0.14285714285714285,0,1,0,0,0,0,0,0,0,0,0,0,0,0,0,599999.0032,251547
,,,,88.0,2.0,,,,1.0,,1,1,1,,,,0,0,1,0,0,0,0,0,0,0,0,0,0,0,0,749998.9953,252665
72.09,124.74,5.98,29.3,55.0,1.0,3.0,2.0,,1.0,6.0,1,1,1,0.0005448609347519928,0.00011120369931115758,,0,0,0,0,1,0,0,0,0,0,0,0,0,0,0,896999.0061,249103
89.6,144.4,26.5,23.1,65.0,2.0,4.0,3.0,5.0,1.0,6.0,1,1,1,6.737377828882037e-05,7.729026513652553e-05,0.3333333333333333,0,0,0,0,1,0,0,0,0,0,0,0,0,0,0,649999.0048,283508
105.2,184.7,2.8,,83.0,3.0,4.0,3.0,5.0,1.0,,1,1,1,,5.1465638451831255e-05,0.3333333333333333,0,1,0,0,0,0,0,0,0,0,0,0,0,0,0,1399999.0034,279531
,,,,65.0,2.0,4.0,4.0,6.0,1.0,6.0,0,1,1,,,0.2857142857142857,0,0,1,0,0,0,0,0,0,0,0,0,0,0,0,289999.0009,275850
,,,9.8,43.0,2.0,3.0,4.0,6.0,1.0,6.0,1,1,1,,,0.2857142857142857,0,1,0,0,0,0,0,0,0,0,0,0,0,0,0,147999.0055,270688
,,,,65.0,3.0,4.0,1.0,6.0,0.0,,1,1,1,,,0.14285714285714285,0,1,0,0,0,0,0,0,0,0,0,0,0,0,0,399998.9968,251567
112.3,190.0,34.5,42.5,85.0,2.0,3.0,2.0,5.0,1.0,6.0,1,1,1,5.773464207578453e-05,4.6866944743872144e-05,0.3333333333333333,0,0,0,0,1,0,0,0,0,0,0,0,0,0,0,539998.9962,269107
62.3,97.3,21.6,,43.0,1.0,,4.0,6.0,1.0,,1,1,1,,0.0001649677735454379,0.2857142857142857,0,1,0,0,0,0,0,0,0,0,0,0,0,0,0,159998.9942,276491
69.8,122.2,2.72,21.3,55.0,3.0,4.0,3.0,6.0,1.0,,1,1,1,0.0009180874925484053,0.00011723934177143957,0.2857142857142857,0,1,0,0,0,0,0,0,0,0,0,0,0,0,0,529999.0035,270742
,,,,55.0,1.0,3.0,4.0,6.0,1.0,6.0,1,1,1,,,0.2857142857142857,0,0,0,0,1,0,0,0,0,0,0,0,0,0,0,194999.0004,283501
101.7,165.4,31.8,41.8,75.0,3.0,4.0,2.0,6.0,0.0,6.0,1,1,1,7.814347202782632e-05,0.0,0.14285714285714285,0,0,0,0,1,0,0,0,0,0,0,0,0,0,0,1149998.9954,269103
103.0,167.0,31.6,,75.0,2.0,4.0,,6.0,1.0,6.0,1,1,1,,5.813615487471659e-05,0.2857142857142857,0,0,0,0,1,0,0,0,0,0,0,0,0,0,0,549999.0016,269099
,,,,85.0,2.0,4.0,2.0,5.0,1.0,,1,1,1,,,0.3333333333333333,0,0,0,0,1,0,0,0,0,0,0,0,0,0,0,599999.0032,269108
89.1,146.2,27.5,,65.0,2.0,3.0,4.0,6.0,1.0,6.0,1,1,1,,7.676706263117572e-05,0.2857142857142857,0,0,0,0,0,0,0,0,1,0,0,0,0,0,0,193599.0032,273530
,,,,32.0,1.0,2.0,4.0,5.0,,,1,0,1,,,,0,0,0,0,1,0,0,0,0,0,0,0,0,0,0,87998.9985,285172
,,,,65.0,2.0,4.0,2.0,6.0,1.0,1.0,1,1,1,,,0.2857142857142857,0,0,0,0,1,0,0,0,0,0,0,0,0,0,0,351536.0,262912
102.9,167.5,35.9,,75.0,,4.0,0.0,4.0,1.0,,1,0,1,,5.801894318494989e-05,0.4,0,1,0,0,0,0,0,0,0,0,0,0,0,0,0,549999.0016,286087
105.1,169.3,37.7,48.0,75.0,2.0,4.0,4.0,,0.0,6.0,1,1,1,7.155503739704025e-05,0.0,,1,0,0,0,0,0,0,0,0,0,0,0,0,0,0,719999.0045,256067
46.8,73.3,18.9,5.0,32.0,2.0,3.0,,5.0,3.0,6.0,1,1,1,7.711846426413656e-05,0.0008745233847553084,0.6666666666666666,0,0,0,0,0,1,0,0,0,0,0,0,0,0,0,107998.9966,251615
67.7,111.1,19.2,8.9,50.0,2.0,3.0,,4.0,1.0,6.0,1,1,1,6.162913189398704e-05,0.00013295273397354507,0.4,0,0,0,0,0,0,1,0,0,0,0,0,0,0,0,114998.9953,281581
105.43,167.25,2.54,43.8,75.0,2.0,4.0,2.0,6.0,0.0,6.0,0,1,1,0.0009779351604406283,0.0,0.14285714285714285,0,0,0,0,1,0,0,0,0,0,0,0,0,0,0,889998.9947,234445
,,,,43.0,2.0,4.0,4.0,6.0,1.0,1.0,1,1,1,,,0.2857142857142857,0,0,0,0,0,0,0,1,0,0,0,0,0,0,0,105299.002,260898
,,,,55.0,2.0,4.0,2.0,5.0,1.0,6.0,1,1,1,,,0.3333333333333333,0,0,0,0,1,0,0,0,0,0,0,0,0,0,0,279998.9955,282847
98.4,171.7,98.4,43.4,77.0,3.0,4.0,3.0,6.0,0.0,6.0,0,1,1,2.6105333002418763e-05,0.0,0.14285714285714285,0,1,0,0,0,0,0,0,0,0,0,0,0,0,0,3999998.9977,236371
46.8,73.3,18.9,5.0,32.0,2.0,3.0,5.0,5.0,3.0,,1,1,1,7.711846426413656e-05,0.0008745233847553084,0.6666666666666666,0,0,0,0,0,1,0,0,0,0,0,0,0,0,0,109999.0053,280494
87.1,144.9,29.1,29.0,65.0,2.0,4.0,3.0,6.0,1.0,6.0,1,1,1,7.896205973502146e-05,7.923434269962499e-05,0.2857142857142857,0,0,1,0,0,0,0,0,0,0,0,0,0,0,0,489899.9981,275847
70.2,112.1,24.9,13.7,50.0,2.0,3.0,1.0,6.0,1.0,,1,1,1,6.991630936115385e-05,0.00012707416810895847,0.2857142857142857,0,1,0,0,0,0,0,0,0,0,0,0,0,0,0,184998.995,270692
91.4,114.6,30.9,34.5,65.0,1.0,4.0,,6.0,0.0,6.0,0,1,1,0.00010659327413865869,0.0,0.14285714285714285,1,0,0,0,0,0,0,0,0,0,0,0,0,0,0,479999.0019,265100
89.9,145.4,27.1,21.8,65.0,,3.0,4.0,6.0,1.0,6.0,1,0,1,6.15407953113457e-05,7.650254829988387e-05,0.2857142857142857,0,1,0,0,0,0,0,0,0,0,0,0,0,0,0,258099.0012,270715
,,,,65.0,,,3.0,,1.0,6.0,1,1,1,,,,0,0,0,0,1,0,0,0,0,0,0,0,0,0,0,599999.0032,270943
89.1,144.6,28.5,26.1,65.0,2.0,4.0,2.0,6.0,1.0,,1,1,1,7.108036517660164e-05,7.761649071008224e-05,0.2857142857142857,0,0,0,0,1,0,0,0,0,0,0,0,0,0,0,548999.0036,283473
,,,,65.0,3.0,4.0,,6.0,0.0,,1,1,1,,,0.14285714285714285,0,1,0,0,0,0,0,0,0,0,0,0,0,0,0,599999.0032,259995
75.9,123.6,29.0,,55.0,,4.0,3.0,6.0,1.0,,1,1,1,,0.00010659571655772585,0.2857142857142857,0,0,0,0,0,0,0,0,0,1,0,0,0,0,0,1091998.9971,278223
45.6,73.1,7.6,,32.0,2.0,3.0,4.0,5.0,2.0,,1,1,1,,0.0005999952000383998,0.5,0,0,0,0,0,0,0,0,0,1,0,0,0,0,0,327599.0019,278227
49.8,72.5,25.4,10.0,32.0,,3.0,4.0,5.0,2.0,2.0,1,1,1,0.00010904328691360609,0.000553939897521119,0.5,0,0,0,0,0,0,0,0,0,1,0,0,0,0,0,467999.0005,278225
43.4,73.2,8.1,,32.0,2.0,3.0,4.0,5.0,3.0,6.0,1,1,1,,0.0009443227317367984,0.6666666666666666,0,0,0,0,0,0,0,0,0,0,1,0,0,0,0,53999.003,267338
,,,,65.0,3.0,4.0,4.0,5.0,1.0,6.0,1,1,1,,,0.3333333333333333,0,0,0,0,0,0,0,0,1,0,0,0,0,0,0,427491.0043,279715
78.6,129.4,24.0,,58.0,2.0,4.0,4.0,4.0,1.0,6.0,1,1,1,,9.83202960620755e-05,0.4,0,0,0,0,0,0,0,0,0,0,0,1,0,0,0,171598.9964,270496
62.78,96.39,19.25,8.3,43.0,1.0,3.0,4.0,6.0,1.0,6.0,1,1,1,7.125150906779519e-05,0.00016525199392229608,0.2857142857142857,0,0,0,0,1,0,0,0,0,0,0,0,0,0,0,139990.0045,283499
43.6,73.4,9.2,,32.0,2.0,2.0,,5.0,3.0,6.0,1,1,1,,0.000937429692773042,0.6666666666666666,0,0,0,0,0,0,0,0,0,0,0,0,1,0,0,58498.994,267342
,,,,50.0,2.0,3.0,4.0,6.0,1.0,6.0,1,1,1,,,0.2857142857142857,0,0,0,0,0,0,0,0,1,0,0,0,0,0,0,226199.0015,279722
86.2,144.8,32.7,,65.0,2.0,4.0,3.0,5.0,1.0,6.0,1,1,1,,8.011690659009625e-05,0.3333333333333333,0,0,0,0,0,1,0,0,0,0,0,0,0,0,0,899989.9958,284526
73.8,122.7,32.7,,55.0,2.0,4.0,3.0,6.0,1.0,6.0,1,1,1,,0.00011043305217078251,0.2857142857142857,0,0,0,0,0,1,0,0,0,0,0,0,0,0,0,749990.0037,284523
114.6,187.6,34.1,54.8,85.0,3.0,4.0,2.0,6.0,0.0,6.0,1,1,1,7.474957501047286e-05,0.0,0.14285714285714285,0,0,0,0,1,0,0,0,0,0,0,0,0,0,0,1639999.006,269112
107.2,188.0,42.8,43.5,83.0,2.0,4.0,3.0,6.0,1.0,6.0,1,1,1,5.04304511445556e-05,4.961892664337884e-05,0.2857142857142857,0,0,0,0,0,1,0,0,0,0,0,0,0,0,0,1599990.0055,260145
78.4,122.7,33.0,17.8,55.0,2.0,4.0,3.0,6.0,1.0,6.0,1,1,1,5.607192124830965e-05,0.00010395356186484374,0.2857142857142857,0,0,0,0,0,1,0,0,0,0,0,0,0,0,0,419990.0033,251631
114.4,183.02,36.51,54.2,82.0,2.0,4.0,2.0,6.0,0.0,6.0,0,1,0,7.090271706564747e-05,0.0,0.14285714285714285,0,0,0,0,1,0,0,0,0,0,0,0,0,0,0,1249998.9986,234440
102.29,166.83,32.05,42.2,75.0,3.0,4.0,2.0,,0.0,2.0,1,1,1,7.71573118900741e-05,0.0,,0,0,0,0,1,0,0,0,0,0,0,0,0,0,0,674999.0056,245420
86.89,145.68,26.09,,65.0,2.0,4.0,2.0,6.0,1.0,6.0,1,1,1,,7.900057822103211e-05,0.2857142857142857,0,0,0,0,1,0,0,0,0,0,0,0,0,0,0,359999.0006,249105
56.1,90.3,22.2,5.6,39.5,,3.0,4.0,,2.0,6.0,1,1,0,4.9794851436438306e-05,0.0003948020363889037,,0,0,0,0,0,0,0,0,0,0,0,0,0,1,0,83213.9941,257137
,,,,55.0,3.0,4.0,4.0,6.0,1.0,6.0,1,1,1,,,0.2857142857142857,0,0,0,0,0,0,0,0,1,0,0,0,0,0,0,349998.9952,279716
123.74,125.49,48.28,27.2,55.0,2.0,4.0,2.0,6.0,1.0,0.0,1,1,1,3.628126421912064e-05,6.439924398893915e-05,0.2857142857142857,0,0,0,0,1,0,0,0,0,0,0,0,0,0,0,233998.9986,269076
,,,,40.0,,,4.0,,2.0,6.0,0,1,0,,,,0,0,0,1,0,0,0,0,0,0,0,0,0,0,0,77999.0058,254213
,,,,75.0,2.0,3.0,4.0,6.0,1.0,6.0,1,1,1,,,0.2857142857142857,0,0,1,0,0,0,0,0,0,0,0,0,0,0,0,249999.0047,275854
,,,,75.0,3.0,4.0,4.0,6.0,1.0,6.0,1,1,1,,,0.2857142857142857,0,0,0,0,0,0,0,0,1,0,0,0,0,0,0,719999.0045,279714
,,,33.1,55.0,2.0,3.0,3.0,,1.0,3.0,1,1,1,,,,0,1,0,0,0,0,0,0,0,0,0,0,0,0,0,679998.9956,279528
77.41,123.29,24.91,16.9,55.0,2.0,4.0,2.0,6.0,1.0,,1,1,1,7.108665142570158e-05,0.000104779200415043,0.2857142857142857,0,0,0,0,1,0,0,0,0,0,0,0,0,0,0,266998.9961,269080
,,,,65.0,,3.0,2.0,5.0,1.0,6.0,1,1,1,,,0.3333333333333333,1,0,0,0,0,0,0,0,0,0,0,0,0,0,0,246398.9992,270973
91.0,145.2,33.6,31.9,65.0,2.0,4.0,0.0,6.0,1.0,,1,1,1,7.1852750424179e-05,7.568189386371205e-05,0.2857142857142857,0,1,0,0,0,0,0,0,0,0,0,0,0,0,0,549999.0016,274058
89.6,144.9,23.5,17.3,65.0,2.0,3.0,3.0,5.0,1.0,,1,1,1,5.670245279733849e-05,7.702356304840777e-05,0.3333333333333333,0,1,0,0,0,0,0,0,0,0,0,0,0,0,0,459999.0038,276505
62.4,96.6,18.7,9.0,43.0,2.0,3.0,,6.0,1.0,6.0,1,1,1,7.984343022706196e-05,0.00016589690502733984,0.2857142857142857,0,0,0,0,1,0,0,0,0,0,0,0,0,0,0,119998.998,269116
88.0,144.8,27.0,19.24,65.0,2.0,3.0,4.0,5.0,1.0,6.0,1,1,1,5.59229495693584e-05,7.847815168257156e-05,0.3333333333333333,0,0,0,0,0,0,1,0,0,0,0,0,0,0,0,189998.9977,260352
61.1,96.3,22.3,7.8,43.0,2.0,3.0,2.0,6.0,1.0,6.0,1,1,1,5.944594594996255e-05,0.0001699544352159186,0.2857142857142857,0,0,1,0,0,0,0,0,0,0,0,0,0,0,0,113900.0008,275835
47.2,73.9,16.8,4.9,32.0,1.0,2.0,4.0,4.0,3.0,6.0,1,1,1,8.361811273441741e-05,0.0008600720166968646,0.8,0,1,0,0,0,0,0,0,0,0,0,0,0,0,0,89998.9945,267000
86.9,144.9,24.6,25.0,65.0,2.0,4.0,3.0,6.0,1.0,6.0,1,1,1,8.07080286790879e-05,7.94167002202225e-05,0.2857142857142857,0,1,0,0,0,0,0,0,0,0,0,0,0,0,0,489998.9946,270743
86.2,145.7,29.6,42.0,65.0,2.0,3.0,3.0,6.0,1.0,6.0,1,1,1,0.00011297718820566358,7.962201835446768e-05,0.2857142857142857,0,0,1,0,0,0,0,0,0,0,0,0,0,0,0,299999.0063,258124
56.9,90.9,22.0,5.19,40.0,2.0,3.0,4.0,5.0,2.0,,1,0,1,4.561088797807725e-05,0.00038668190193360283,0.5,0,0,0,1,0,0,0,0,0,0,0,0,0,0,0,66749.0029,261844
,,,13.0,50.0,2.0,4.0,4.0,6.0,1.0,6.0,1,1,1,,,0.2857142857142857,0,0,0,0,0,0,0,1,0,0,0,0,0,0,0,150149.0012,260904
89.1,149.5,22.6,18.5,65.0,2.0,3.0,,,1.0,6.0,0,1,0,6.145318444920856e-05,7.507253884065478e-05,,0,0,0,0,0,0,0,0,0,0,0,0,0,1,0,177998.9963,257136
83.4,150.2,31.7,34.0,65.0,3.0,4.0,3.0,6.0,1.0,6.0,1,1,1,8.562166552089768e-05,7.982961167683696e-05,0.2857142857142857,0,0,0,0,0,1,0,0,0,0,0,0,0,0,0,899999.0001,255072
78.24,123.16,26.0,13.2,55.0,2.0,3.0,,5.0,1.0,,1,1,1,5.268682902844261e-05,0.00010377708748026575,0.3333333333333333,0,0,0,0,0,0,0,0,0,0,0,0,0,0,1,145667.9967,256210
89.1,149.5,22.6,,64.5,2.0,3.0,,,1.0,6.0,1,1,0,,7.507253884065478e-05,,0,0,0,0,0,0,0,0,0,0,0,0,0,1,0,177998.9963,257139
78.6,129.4,24.0,,58.0,2.0,3.0,2.0,4.0,1.0,6.0,1,1,1,,9.83202960620755e-05,0.4,0,0,0,0,0,0,0,0,0,0,0,1,0,0,0,194999.0004,270497
70.95,111.1,22.87,10.0,50.0,2.0,3.0,4.0,6.0,1.0,,1,1,1,5.54711764537865e-05,0.00012686258054980974,0.2857142857142857,0,0,0,0,0,0,0,0,0,0,0,0,0,1,0,119258.9944,257144
43.4,73.2,8.2,3.5,32.0,2.0,3.0,,4.0,3.0,6.0,0,1,0,0.00013435486020645505,0.0009443227317367984,0.8,0,0,0,0,0,0,1,0,0,0,0,0,0,0,0,53399.0042,281578
46.58,72.02,22.5,,32.0,2.0,3.0,,5.0,,,1,1,1,,,,0,0,0,0,0,0,0,0,0,0,0,0,0,1,0,66749.0029,257140
103.9,168.0,35.0,54.5,75.0,3.0,4.0,5.0,6.0,1.0,,1,1,1,8.920796422515109e-05,5.728951830973005e-05,0.2857142857142857,0,0,0,0,0,0,0,0,1,0,0,0,0,0,0,449998.9984,260816
,,,,55.0,2.0,4.0,0.0,6.0,1.0,2.0,1,1,1,,,0.2857142857142857,0,1,0,0,0,0,0,0,0,0,0,0,0,0,0,293999.0056,270703
91.1,145.2,33.6,26.2,65.0,2.0,4.0,1.0,5.0,1.0,2.0,1,1,1,5.894907850800477e-05,7.55988182392733e-05,0.3333333333333333,0,1,0,0,0,0,0,0,0,0,0,0,0,0,0,299999.0063,276499
123.7,125.4,48.2,27.2,55.0,2.0,4.0,2.0,,1.0,0.0,1,1,1,3.63793244122991e-05,6.446630281885355e-05,,0,0,0,0,1,0,0,0,0,0,0,0,0,0,0,186899.0039,244696
102.4,167.1,36.4,26.0,75.0,2.0,3.0,2.0,6.0,1.0,6.0,1,1,1,4.1744143797554924e-05,5.84418013165769e-05,0.2857142857142857,1,0,0,0,0,0,0,0,0,0,0,0,0,0,0,284798.9986,252590
68.5,114.3,29.9,20.5,50.0,2.0,4.0,2.0,6.0,1.0,0.0,1,1,1,8.756808872757566e-05,0.0001277212611197323,0.2857142857142857,0,0,0,0,1,0,0,0,0,0,0,0,0,0,0,187199.0033,269070
102.0,167.0,33.0,35.6,75.0,2.0,4.0,2.0,4.0,1.0,6.0,1,1,0,6.333144762169067e-05,5.870611717740989e-05,0.4,0,0,0,0,1,0,0,0,0,0,0,0,0,0,0,471969.9984,248867
98.87,167.05,33.49,32.8,75.0,2.0,4.0,4.0,6.0,1.0,6.0,1,1,1,5.929904265861113e-05,6.0546492031612407e-05,0.2857142857142857,0,0,0,0,0,0,0,1,0,0,0,0,0,0,0,292498.9959,262714
115.1,189.3,34.1,55.3,85.0,3.0,4.0,2.0,6.0,0.0,6.0,1,1,1,7.44294508491615e-05,0.0,0.14285714285714285,0,0,0,0,1,0,0,0,0,0,0,0,0,0,0,1406199.0037,269110
,,,9.3,43.0,2.0,3.0,1.0,6.0,1.0,1.0,1,1,1,,,0.2857142857142857,0,1,0,0,0,0,0,0,0,0,0,0,0,0,0,129499.0044,251610
76.5,122.7,29.2,12.2,55.0,2.0,3.0,2.0,6.0,1.0,6.0,1,1,1,4.451137203531459e-05,0.00010653541503534311,0.2857142857142857,1,0,0,0,0,0,0,0,0,0,0,0,0,0,0,159998.9942,269325
,,,,55.0,1.0,2.0,4.0,6.0,1.0,6.0,1,1,1,,,0.2857142857142857,0,1,0,0,0,0,0,0,0,0,0,0,0,0,0,171498.9966,251579
100.5,167.6,34.0,32.0,75.0,2.0,3.0,,6.0,1.0,6.0,1,1,1,5.587673034518549e-05,5.936902599175958e-05,0.2857142857142857,0,0,0,0,1,0,0,0,0,0,0,0,0,0,0,272998.9968,269123
,,,,43.0,1.0,2.0,5.0,6.0,1.0,6.0,1,1,1,,,0.2857142857142857,0,1,0,0,0,0,0,0,0,0,0,0,0,0,0,118999.0,251605
102.3,166.8,31.8,42.1,75.0,3.0,4.0,2.0,6.0,0.0,6.0,1,1,1,7.758598816367331e-05,0.0,0.14285714285714285,0,0,0,0,1,0,0,0,0,0,0,0,0,0,0,764399.0046,269101
,,,,77.0,,,3.0,5.0,1.0,6.0,1,1,1,,,0.3333333333333333,0,1,0,0,0,0,0,0,0,0,0,0,0,0,0,1049999.0049,270747
70.5,111.7,25.1,11.8,50.0,2.0,,4.0,6.0,1.0,6.0,1,1,1,5.9698854189267174e-05,0.00012698654577547507,0.2857142857142857,0,0,1,0,0,0,0,0,0,0,0,0,0,0,0,107998.9966,258131
72.3,111.4,23.9,,50.0,2.0,4.0,,6.0,1.0,6.0,0,1,1,,0.00012415851566011357,0.2857142857142857,0,0,0,0,1,0,0,0,0,0,0,0,0,0,0,233998.9986,269074
102.5,167.1,36.3,28.4,75.0,2.0,3.0,2.0,6.0,1.0,,1,1,1,4.5678454321525576e-05,5.838478492504853e-05,0.2857142857142857,1,0,0,0,0,0,0,0,0,0,0,0,0,0,0,373798.9984,282749
78.3,123.3,32.4,18.7,55.0,2.0,4.0,,6.0,1.0,6.0,1,1,1,5.978218135243765e-05,0.00010357982223630909,0.2857142857142857,0,0,0,0,0,1,0,0,0,0,0,0,0,0,0,329998.9971,251630
,,,,,,,,,,,0,0,0,,,,0,0,0,0,0,0,0,1,0,0,0,0,0,0,0,171598.9964,260907
,,,,55.0,2.0,3.0,1.0,6.0,1.0,6.0,1,1,1,,,0.2857142857142857,0,1,0,0,0,0,0,0,0,0,0,0,0,0,0,157498.9992,251591
79.4,122.7,23.5,24.1,55.0,2.0,4.0,2.0,6.0,1.0,,0,1,1,0.00010526502917086143,0.00010264432305042504,0.2857142857142857,0,0,0,0,1,0,0,0,0,0,0,0,0,0,0,279998.9955,234462
,,,,55.0,2.0,3.0,4.0,6.0,1.0,6.0,1,1,1,,,0.2857142857142857,0,0,0,0,0,0,0,0,1,0,0,0,0,0,0,202998.9971,279721
,,,,64.5669312,,,3.0,6.0,1.0,6.0,1,1,0,,,0.2857142857142857,0,0,0,0,0,0,0,0,1,0,0,0,0,0,0,559998.9943,259698
86.73,144.75,30.56,20.7,65.0,2.0,3.0,4.0,5.0,1.0,6.0,1,1,1,5.395467448896219e-05,7.965482378660312e-05,0.3333333333333333,0,0,0,0,0,0,0,1,0,0,0,0,0,0,0,183298.9984,260912
60.5,97.0,22.5,6.2,43.0,2.0,3.0,,,2.0,6.0,1,1,1,4.6955023524845456e-05,0.00034080259009968474,,0,0,0,0,0,0,1,0,0,0,0,0,0,0,0,76998.9951,281584
73.8,122.7,33.0,19.5,55.0,2.0,4.0,3.0,6.0,1.0,6.0,1,1,1,6.52558944645533e-05,0.00011043305217078251,0.2857142857142857,0,0,0,0,0,1,0,0,0,0,0,0,0,0,0,599999.0032,273513
68.46,111.83,22.66,12.2,50.0,2.0,3.0,4.0,6.0,1.0,6.0,1,1,1,7.032418462753196e-05,0.0001306185265294979,0.2857142857142857,0,0,0,0,1,0,0,0,0,0,0,0,0,0,0,116999.004,248887
,,,,43.0,1.0,2.0,4.0,6.0,1.0,6.0,1,1,1,,,0.2857142857142857,0,1,0,0,0,0,0,0,0,0,0,0,0,0,0,116999.004,260084
67.17,111.56,25.58,12.3,50.0,2.0,4.0,4.0,6.0,1.0,2.0,1,1,1,6.416832713502581e-05,0.00013344925269219188,0.2857142857142857,0,0,0,0,0,0,0,1,0,0,0,0,0,0,0,128699.006,260901
102.69,167.75,33.89,34.7,75.0,2.0,4.0,2.0,4.0,1.0,,1,1,1,5.943841545929541e-05,5.80509481243666e-05,0.4,0,0,0,0,1,0,0,0,0,0,0,0,0,0,0,399998.9968,269098
,,,,55.0,3.0,4.0,3.0,6.0,1.0,6.0,1,1,1,,,0.2857142857142857,0,0,0,0,0,0,0,0,1,0,0,0,0,0,0,493989.995,279712
,,,,50.0,2.0,3.0,4.0,6.0,1.0,6.0,1,1,1,,,0.2857142857142857,0,0,0,0,0,0,0,0,1,0,0,0,0,0,0,137940.9992,273528
60.5,97.3,23.5,9.0,43.0,2.0,3.0,4.0,6.0,1.0,6.0,1,1,1,6.505885748333183e-05,0.000169875905650922,0.2857142857142857,0,0,0,0,0,0,0,0,1,0,0,0,0,0,0,113098.9991,273527
86.3,145.2,33.1,24.0,65.0,2.0,4.0,5.0,5.0,1.0,6.0,1,1,1,5.786365142265165e-05,7.98036192537404e-05,0.3333333333333333,0,0,0,0,0,1,0,0,0,0,0,0,0,0,0,549999.0016,273518
71.1,112.4,23.6,,50.0,2.0,3.0,4.0,5.0,1.0,,1,1,1,,0.00012513076164592,0.3333333333333333,0,0,0,1,0,0,0,0,0,0,0,0,0,0,0,105299.002,271836
48.0,73.5,18.2,4.0,32.0,1.0,2.0,4.0,,3.0,6.0,0,1,0,6.22959806633276e-05,0.0008503401360544217,,1,0,0,0,0,0,0,0,0,0,0,0,0,0,0,35000.0062,235010
102.0,167.0,31.75,43.0,75.0,3.0,4.0,2.0,,1.0,2.0,1,1,1,7.950749727964174e-05,5.870611717740989e-05,,0,0,0,0,1,0,0,0,0,0,0,0,0,0,0,857998.9952,245424
104.0,167.0,34.0,30.8,75.0,1.0,3.0,4.0,6.0,1.0,6.0,1,1,1,5.215812718454494e-05,5.757715338553662e-05,0.2857142857142857,0,0,0,0,1,0,0,0,0,0,0,0,0,0,0,299999.0063,248871
86.2,144.8,33.0,24.6,65.0,2.0,4.0,3.0,5.0,1.0,6.0,1,1,1,5.972351218534448e-05,8.011690659009625e-05,0.3333333333333333,0,0,0,0,0,1,0,0,0,0,0,0,0,0,0,799998.9969,273516
,,,,65.0,,,1.0,5.0,1.0,,1,1,1,,,0.3333333333333333,0,1,0,0,0,0,0,0,0,0,0,0,0,0,0,279998.9955,270709
104.8,167.0,31.7,48.0,75.0,2.0,4.0,2.0,6.0,1.0,,0,1,1,8.651755174362427e-05,5.71376331306852e-05,0.2857142857142857,0,0,0,0,1,0,0,0,0,0,0,0,0,0,0,649999.9954,234446
,,,,55.0,1.0,2.0,4.0,6.0,1.0,6.0,1,1,1,,,0.2857142857142857,0,1,0,0,0,0,0,0,0,0,0,0,0,0,0,160999.0049,251580
102.6,167.7,33.8,32.5,75.0,2.0,3.0,,6.0,1.0,6.0,1,1,1,5.588383958280078e-05,5.81191931661128e-05,0.2857142857142857,0,0,0,0,1,0,0,0,0,0,0,0,0,0,0,350999.0059,269124
,,,,65.0,3.0,4.0,0.0,5.0,1.0,,1,1,1,,,0.3333333333333333,0,1,0,0,0,0,0,0,0,0,0,0,0,0,0,594999.0005,260556
71.3,112.1,21.3,14.2,55.0,,3.0,4.0,6.0,1.0,,1,0,1,8.340913138147624e-05,0.00012511369707221437,0.2857142857142857,0,1,0,0,0,0,0,0,0,0,0,0,0,0,0,187999.0017,271308
,,,,32.0,2.0,2.0,2.0,6.0,2.0,6.0,1,1,1,,,0.42857142857142855,0,0,0,0,1,0,0,0,0,0,0,0,0,0,0,151298.9989,269064
100.0,167.0,33.0,33.3,75.0,1.0,3.0,4.0,6.0,1.0,6.0,1,1,1,6.042460533478497e-05,5.988023952095808e-05,0.2857142857142857,0,0,0,0,1,0,0,0,0,0,0,0,0,0,0,272998.9968,248870
97.6,171.2,2.48,35.1,77.0,3.0,4.0,3.0,5.0,1.0,,1,1,1,0.0008470359783430614,5.984755630458098e-05,0.3333333333333333,0,1,0,0,0,0,0,0,0,0,0,0,0,0,0,1199998.997,272523
112.9,190.0,39.6,,85.0,2.0,3.0,4.0,6.0,1.0,6.0,1,1,1,,4.661787329262039e-05,0.2857142857142857,0,0,0,0,1,0,0,0,0,0,0,0,0,0,0,428999.0023,269125
89.1,144.6,2.6,,65.0,4.0,3.0,2.0,5.0,1.0,0.0,1,1,1,,7.761649071008224e-05,0.3333333333333333,0,0,0,0,1,0,0,0,0,0,0,0,0,0,0,464638.9996,269092
,,,,100.0,2.0,4.0,,,1.0,6.0,0,1,1,,,,0,0,1,0,0,0,0,0,0,0,0,0,0,0,0,699998.9937,241369
74.4,122.8,24.6,19.9,55.0,2.0,4.0,3.0,6.0,1.0,6.0,1,1,1,8.854145754865134e-05,0.00010945325908024238,0.2857142857142857,0,1,0,0,0,0,0,0,0,0,0,0,0,0,0,379900.0022,270737
74.7,123.2,22.8,15.8,55.0,2.0,3.0,,6.0,1.0,6.0,1,1,1,7.529929850792247e-05,0.00010865974721396407,0.2857142857142857,0,0,0,0,1,0,0,0,0,0,0,0,0,0,0,155999.0022,269119
62.41,95.7,22.76,7.5,43.0,2.0,3.0,,5.0,1.0,6.0,1,1,1,5.517252819885792e-05,0.00016743023224080085,0.3333333333333333,0,0,0,0,0,0,0,0,0,0,0,0,0,1,0,102348.9952,257141
77.2,122.8,23.5,14.5,55.0,2.0,3.0,3.0,5.0,1.0,,1,1,1,6.508553406226737e-05,0.0001054834517560885,0.3333333333333333,0,1,0,0,0,0,0,0,0,0,0,0,0,0,0,349998.9952,270735
,,,,65.0,2.0,3.0,4.0,6.0,1.0,6.0,1,1,1,,,0.2857142857142857,0,0,0,0,0,0,0,0,1,0,0,0,0,0,0,324998.9944,279720
154.6,196.2,48.0,,75.0,2.0,3.0,,5.0,1.0,,1,1,1,,3.296791694194878e-05,0.3333333333333333,1,0,0,0,0,0,0,0,0,0,0,0,0,0,0,299999.0063,276607
87.3,145.2,24.0,,65.0,2.0,3.0,2.0,4.0,1.0,6.0,1,1,1,,7.88894884490011e-05,0.4,0,0,0,0,0,0,0,0,0,0,0,1,0,0,0,241798.9957,270499
86.2,144.9,25.1,32.6,65.0,3.0,4.0,3.0,6.0,1.0,6.0,1,1,1,0.00010398440887118677,8.006161541922662e-05,0.2857142857142857,0,1,0,0,0,0,0,0,0,0,0,0,0,0,0,449998.9984,251519
68.3,111.8,22.8,11.8,125.0,2.0,3.0,,6.0,1.0,6.0,1,1,1,6.777736069810958e-05,0.0001309596460946524,0.2857142857142857,0,0,0,0,1,0,0,0,0,0,0,0,0,0,0,155999.0022,269117
44.83,64.95,18.75,3.88,27.5,1.0,1.0,4.0,4.0,3.0,0.0,0,1,0,7.106938532251196e-05,0.001030322918657551,0.8,0,1,0,0,0,0,0,0,0,0,0,0,0,0,0,64348.995,238714
,,,,50.0,2.0,4.0,4.0,,1.0,5.0,1,1,1,,,,0,0,0,0,0,0,0,0,0,1,0,0,0,0,0,545998.9969,278235
,,,,55.0,2.0,4.0,4.0,,1.0,4.0,1,1,1,,,,0,0,0,0,0,0,0,0,0,1,0,0,0,0,0,616198.9962,278237
,,,,43.0,2.0,4.0,4.0,6.0,1.0,5.0,1,1,1,,,0.2857142857142857,0,0,0,0,0,0,0,0,0,1,0,0,0,0,0,467999.0005,278232
,,,15.4,43.0,2.0,4.0,5.0,6.0,1.0,4.0,1,1,1,,,0.2857142857142857,0,0,0,0,0,0,0,0,0,1,0,0,0,0,0,467999.0005,278231
,,,,50.0,2.0,4.0,4.0,,1.0,4.0,1,1,1,,,,0,0,0,0,0,0,0,0,0,1,0,0,0,0,0,545998.9969,278234
,,,,55.0,2.0,4.0,4.0,,1.0,5.0,1,1,1,,,,0,0,0,0,0,0,0,0,0,1,0,0,0,0,0,616198.9962,278238
89.11,144.63,29.0,28.1,65.0,2.0,4.0,2.0,,1.0,2.0,0,1,1,7.518366492421194e-05,7.759168266199808e-05,,0,0,0,0,1,0,0,0,0,0,0,0,0,0,0,399998.9968,245416
74.59,123.21,22.4,15.8,55.0,2.0,3.0,2.0,5.0,1.0,6.0,1,1,1,7.675072805896083e-05,0.00010881115876713433,0.3333333333333333,0,0,0,0,1,0,0,0,0,0,0,0,0,0,0,279998.9955,283463
66.9,107.7,29.0,,48.0,,4.0,3.0,6.0,1.0,,1,1,1,,0.000138790001013167,0.2857142857142857,0,0,0,0,0,0,0,0,0,1,0,0,0,0,0,982798.9996,278222
,,,,66.0,,4.0,3.0,5.0,1.0,,1,1,1,,,0.3333333333333333,0,0,0,0,0,0,0,0,0,1,0,0,0,0,0,1325998.999,278224
,,,,43.0,3.0,4.0,4.0,6.0,1.0,6.0,1,1,1,,,0.2857142857142857,0,0,0,0,0,0,0,0,1,0,0,0,0,0,0,284989.9939,279718
89.74,144.37,30.06,30.8,65.0,3.0,4.0,2.0,,0.0,2.0,1,1,1,7.908583759477467e-05,0.0,,0,0,0,0,1,0,0,0,0,0,0,0,0,0,0,549999.0016,245415
89.7,144.3,29.8,,65.0,3.0,4.0,2.0,6.0,0.0,,1,1,1,,0.0,0.14285714285714285,0,0,0,0,1,0,0,0,0,0,0,0,0,0,0,649999.0048,269091
85.11,146.63,5.98,38.9,65.0,1.0,3.0,2.0,,1.0,6.0,1,1,1,0.0005212487088837312,8.013026424485123e-05,,0,0,0,0,1,0,0,0,0,0,0,0,0,0,0,999999.0033,249102
35.66,55.15,14.8,3.1,24.0,1.0,2.0,4.0,4.0,3.0,0.0,0,1,0,0.00010650576664135771,0.001525437431895575,0.8,0,0,0,0,0,0,0,1,0,0,0,0,0,0,0,67999.0004,272239
68.94,112.12,21.39,13.6,50.0,2.0,4.0,2.0,6.0,1.0,6.0,0,1,1,8.225716844766454e-05,0.00012937359066879004,0.2857142857142857,0,0,0,0,1,0,0,0,0,0,0,0,0,0,0,199999.0031,234484
100.99,165.48,1.5,44.0,75.0,3.0,4.0,2.0,6.0,0.0,0.0,0,1,1,0.0017552441449263923,0.0,0.14285714285714285,0,0,0,0,1,0,0,0,0,0,0,0,0,0,0,1349999.0018,234922
99.85,168.23,31.58,35.9,75.0,2.0,4.0,2.0,6.0,1.0,6.0,1,1,1,6.767539647770384e-05,5.953172759793558e-05,0.2857142857142857,0,0,0,0,1,0,0,0,0,0,0,0,0,0,0,629998.994,269096
,,,,32.0,,,4.0,,,6.0,0,1,0,,,,0,0,0,1,0,0,0,0,0,0,0,0,0,0,0,54599.0018,254212
92.11,144.79,28.53,31.0,65.0,2.0,4.0,2.0,6.0,0.0,6.0,0,1,1,8.14731620023277e-05,0.0,0.14285714285714285,0,0,0,0,1,0,0,0,0,0,0,0,0,0,0,637499.0044,234453
117.6,114.3,47.5,21.6,50.0,2.0,4.0,,6.0,1.0,0.0,1,1,1,3.3830357671456485e-05,7.439546247195291e-05,0.2857142857142857,0,0,0,0,1,0,0,0,0,0,0,0,0,0,0,224999.0039,260923
89.2,143.31,30.05,30.1,65.0,3.0,4.0,2.0,,0.0,2.0,1,1,1,7.83575175949606e-05,0.0,,0,0,0,0,1,0,0,0,0,0,0,0,0,0,0,769899.9969,245417
89.3,143.3,29.8,30.5,65.0,3.0,4.0,2.0,6.0,0.0,6.0,1,1,1,7.998083355038733e-05,0.0,0.14285714285714285,0,0,0,0,1,0,0,0,0,0,0,0,0,0,0,899999.0001,269093
,,,5.4,75.0,3.0,4.0,4.0,6.0,0.0,2.0,0,1,1,,,0.14285714285714285,0,1,0,0,0,0,0,0,0,0,0,0,0,0,0,599999.0032,235734
116.7,192.7,36.1,45.6,86.0,2.0,4.0,4.0,6.0,1.0,,1,1,1,5.6170083574765224e-05,4.446798283002247e-05,0.2857142857142857,0,1,0,0,0,0,0,0,0,0,0,0,0,0,0,599999.0032,270727
60.0,96.55,19.51,8.7,43.0,2.0,3.0,4.0,6.0,1.0,6.0,1,1,1,7.697655214590719e-05,0.00017262213015708613,0.2857142857142857,0,0,0,0,1,0,0,0,0,0,0,0,0,0,0,189990.0061,283450
68.46,111.83,22.63,11.8,50.0,2.0,3.0,4.0,6.0,1.0,6.0,1,1,1,6.810864397030824e-05,0.0001306185265294979,0.2857142857142857,0,0,0,0,1,0,0,0,0,0,0,0,0,0,0,227813.997,283451
55.51,89.36,21.18,5.86,40.0,2.0,2.0,4.0,0.0,2.0,6.0,0,1,1,5.577727240893697e-05,0.000403195436730814,3.0,0,0,0,0,0,0,1,0,0,0,0,0,0,0,0,97899.0041,237394
,,,,85.0,2.0,3.0,4.0,6.0,1.0,6.0,1,1,1,,,0.2857142857142857,0,0,1,0,0,0,0,0,0,0,0,0,0,0,0,429900.0038,275856
90.9,145.4,34.0,22.9,65.0,2.0,3.0,4.0,6.0,1.0,,1,1,1,5.0959865789961145e-05,7.566093610736589e-05,0.2857142857142857,0,1,0,0,0,0,0,0,0,0,0,0,0,0,0,266998.9961,270716
117.6,114.3,47.5,21.6,50.0,2.0,4.0,,6.0,1.0,5.0,1,1,1,3.3830357671456485e-05,7.439546247195291e-05,0.2857142857142857,0,0,0,0,1,0,0,0,0,0,0,0,0,0,0,187199.0033,260922
112.2,190.4,34.7,45.4,85.0,2.0,4.0,2.0,6.0,1.0,6.0,1,1,1,6.124442718880459e-05,4.681016791743435e-05,0.2857142857142857,0,0,0,0,1,0,0,0,0,0,0,0,0,0,0,989998.9979,269106
102.8,98.6,41.7,17.4,43.0,2.0,4.0,2.0,,1.0,5.0,1,1,1,4.116642598029609e-05,9.865746915967514e-05,,0,0,0,0,1,0,0,0,0,0,0,0,0,0,0,171598.9964,244699
102.2,166.8,31.8,,75.0,3.0,4.0,,6.0,0.0,6.0,1,1,1,,0.0,0.14285714285714285,0,0,0,0,1,0,0,0,0,0,0,0,0,0,0,699998.9937,269100
123.74,125.49,48.28,27.2,55.0,2.0,4.0,2.0,6.0,1.0,5.0,1,1,1,3.628126421912064e-05,6.439924398893915e-05,0.2857142857142857,0,0,0,0,1,0,0,0,0,0,0,0,0,0,0,249599.0055,269077
104.4,171.7,32.3,43.4,77.0,3.0,4.0,3.0,6.0,0.0,6.0,1,1,1,7.49577278139271e-05,0.0,0.14285714285714285,0,1,0,0,0,0,0,0,0,0,0,0,0,0,0,3399999.0039,251510
102.4,167.9,32.1,53.7,75.0,2.0,3.0,4.0,6.0,1.0,6.0,1,1,1,9.730129054343651e-05,5.816334127456819e-05,0.2857142857142857,0,0,1,0,0,0,0,0,0,0,0,0,0,0,0,499999.0,258123
74.27,122.77,25.62,13.3,55.0,2.0,3.0,4.0,6.0,1.0,1.0,1,1,1,5.693336272022564e-05,0.00010967163555580308,0.2857142857142857,0,0,0,0,0,0,0,1,0,0,0,0,0,0,0,155999.0022,260906
75.6,122.2,21.5,14.4,55.0,3.0,,3.0,6.0,1.0,2.0,1,1,1,7.249883548745499e-05,0.00010824478909585293,0.2857142857142857,0,1,0,0,0,0,0,0,0,0,0,0,0,0,0,429999.0003,270741
59.02,95.84,22.66,7.8,43.0,2.0,3.0,4.0,6.0,1.0,1.0,1,1,1,6.0853937897917e-05,0.00017678849138035886,0.2857142857142857,0,0,0,0,0,0,0,1,0,0,0,0,0,0,0,129049.0053,260897
61.7,97.0,20.9,9.1,43.0,2.0,4.0,5.0,6.0,1.0,6.0,1,1,1,7.275087279062194e-05,0.0001670871693762636,0.2857142857142857,0,0,0,0,0,1,0,0,0,0,0,0,0,0,0,199999.0031,273503
102.0,167.0,33.0,33.2,75.0,2.0,3.0,4.0,6.0,1.0,6.0,1,1,1,5.906191182696995e-05,5.870611717740989e-05,0.2857142857142857,0,0,0,0,1,0,0,0,0,0,0,0,0,0,0,344999.0052,248869
74.1,122.6,29.1,21.5,55.0,2.0,4.0,3.0,6.0,1.0,6.0,1,1,1,8.13273821056897e-05,0.00011007566601281724,0.2857142857142857,0,0,1,0,0,0,0,0,0,0,0,0,0,0,0,318899.9972,275841
91.0,146.3,25.5,21.5,65.0,1.0,3.0,4.0,6.0,1.0,,1,1,1,6.333044811594125e-05,7.511285706774429e-05,0.2857142857142857,0,1,0,0,0,0,0,0,0,0,0,0,0,0,0,195798.9988,270713
,,,,32.0,2.0,3.0,,,3.0,,1,1,0,,,,0,0,0,0,0,0,1,0,0,0,0,0,0,0,0,61599.0005,281579
102.4,172.2,38.9,37.0,77.0,2.0,4.0,3.0,4.0,1.0,,1,1,1,5.394100316783557e-05,5.6710946573751453e-05,0.4,0,0,0,0,0,1,0,0,0,0,0,0,0,0,0,1849999.0051,273523
82.1,144.1,24.3,22.8,65.0,3.0,4.0,3.0,5.0,1.0,6.0,1,1,1,7.930881036043549e-05,8.45264952525694e-05,0.3333333333333333,0,1,0,0,0,0,0,0,0,0,0,0,0,0,0,699998.9937,270746
,,,,65.0,,,3.0,5.0,1.0,,1,1,1,,,0.3333333333333333,0,1,0,0,0,0,0,0,0,0,0,0,0,0,0,599999.0032,270744
99.73,167.67,32.0,32.0,75.0,2.0,3.0,2.0,4.0,1.0,6.0,1,1,1,5.980242796781105e-05,5.980242796781105e-05,0.4,0,0,0,0,1,0,0,0,0,0,0,0,0,0,0,389999.0041,269097
46.4,71.7,22.5,3.5,32.0,2.0,2.0,4.0,3.0,3.0,,1,1,1,4.6757188583764835e-05,0.0009017457798297504,1.0,0,0,0,0,0,0,1,0,0,0,0,0,0,0,0,57848.9953,276732
90.0,144.6,29.8,,65.0,3.0,4.0,2.0,6.0,1.0,,1,1,1,,7.68403258029814e-05,0.2857142857142857,0,0,0,0,1,0,0,0,0,0,0,0,0,0,0,521039.0011,269095
,,,9.2,43.0,2.0,3.0,1.0,6.0,1.0,6.0,1,1,1,,,0.2857142857142857,0,1,0,0,0,0,0,0,0,0,0,0,0,0,0,139998.9961,259430
60.6,95.5,20.8,6.1,43.0,2.0,3.0,,,2.0,6.0,1,1,1,5.0674620422171086e-05,0.00034558429664956024,,0,0,0,0,0,0,1,0,0,0,0,0,0,0,0,87998.9985,281580
74.59,123.21,22.4,15.8,55.0,2.0,3.0,2.0,5.0,1.0,6.0,1,1,1,7.675072805896083e-05,0.00010881115876713433,0.3333333333333333,0,0,0,0,1,0,0,0,0,0,0,0,0,0,0,234998.9966,269079
,,,,43.0,,,4.0,,1.0,,1,0,1,,,,0,1,0,0,0,0,0,0,0,0,0,0,0,0,0,169998.9996,285422
,,,,50.0,,,4.0,5.0,1.0,,1,0,1,,,0.3333333333333333,0,1,0,0,0,0,0,0,0,0,0,0,0,0,0,219999.0012,285431
64.0,96.8,26.0,,43.0,,,4.0,5.0,1.0,6.0,1,0,1,,0.00016141528925619835,0.3333333333333333,0,1,0,0,0,0,0,0,0,0,0,0,0,0,0,219999.0012,285426
87.22,145.1,27.4,21.3,65.0,2.0,3.0,2.0,5.0,1.0,6.0,1,1,1,6.142505384355844e-05,7.901626644664325e-05,0.3333333333333333,0,0,0,0,1,0,0,0,0,0,0,0,0,0,0,258099.0012,269087
,,,,65.0,2.0,4.0,4.0,6.0,1.0,6.0,1,1,1,,,0.2857142857142857,0,0,0,0,0,0,0,1,0,0,0,0,0,0,0,265198.9997,260915
62.4,96.63,18.76,9.0,43.0,2.0,3.0,4.0,6.0,1.0,0.0,1,1,1,7.956335832632709e-05,0.00016584540024465515,0.2857142857142857,0,0,0,0,1,0,0,0,0,0,0,0,0,0,0,171598.9964,248890
,,,,50.0,1.0,2.0,5.0,6.0,1.0,6.0,1,1,1,,,0.2857142857142857,0,1,0,0,0,0,0,0,0,0,0,0,0,0,0,133498.9964,251596
90.5,144.6,29.0,37.5,65.0,1.0,,2.0,6.0,1.0,6.0,1,1,1,9.881352622787665e-05,7.641579361622461e-05,0.2857142857142857,1,0,0,0,0,0,0,0,0,0,0,0,0,0,0,301264.0025,252421
,,,,32.0,,,,,3.0,6.0,1,0,1,,,,1,0,0,0,0,0,0,0,0,0,0,0,0,0,0,57848.9953,265098
89.6,145.2,29.1,16.7,65.0,2.0,3.0,,6.0,1.0,6.0,1,1,1,4.411119834034548e-05,7.686442345533255e-05,0.2857142857142857,0,0,1,0,0,0,0,0,0,0,0,0,0,0,0,134999.0061,261996
104.74,167.22,24.11,30.8,75.0,1.0,2.0,4.0,6.0,1.0,6.0,0,1,1,7.29378097028151e-05,5.709514908879455e-05,0.2857142857142857,0,0,0,0,1,0,0,0,0,0,0,0,0,0,0,258099.0012,242426
90.0,144.0,28.0,20.9,65.0,1.0,3.0,4.0,6.0,1.0,6.0,1,1,1,5.7594797178130505e-05,7.716049382716049e-05,0.2857142857142857,0,0,0,0,1,0,0,0,0,0,0,0,0,0,0,199999.0031,248877
73.8,122.8,25.1,23.0,55.0,3.0,4.0,3.0,6.0,1.0,1.0,1,1,1,0.00010111122822429024,0.00011034312297520371,0.2857142857142857,0,1,0,0,0,0,0,0,0,0,0,0,0,0,0,340869.0033,251524
,,,,55.0,,,3.0,,1.0,6.0,1,1,1,,,,0,0,0,0,1,0,0,0,0,0,0,0,0,0,0,418298.9983,270944
78.4,123.6,27.3,11.4,55.0,1.0,3.0,,6.0,1.0,,1,1,1,4.3093093420020304e-05,0.00010319661845320653,0.2857142857142857,0,1,0,0,0,0,0,0,0,0,0,0,0,0,0,137949.0002,271393
59.8,96.5,2.5,,43.0,2.0,3.0,2.0,6.0,1.0,6.0,1,1,1,,0.0001732892023498016,0.2857142857142857,0,0,0,0,1,0,0,0,0,0,0,0,0,0,0,140398.9953,269068
76.84,122.54,23.21,20.6,55.0,2.0,4.0,2.0,6.0,1.0,,1,1,1,9.425987244557048e-05,0.00010620250676998498,0.2857142857142857,0,0,0,0,1,0,0,0,0,0,0,0,0,0,0,845906.0044,283486
100.34,167.67,33.19,32.0,75.0,2.0,3.0,4.0,6.0,1.0,6.0,1,1,1,5.7307737758915115e-05,5.943886925682477e-05,0.2857142857142857,0,0,0,0,1,0,0,0,0,0,0,0,0,0,0,559899.9978,283454
83.8,145.4,26.9,,65.0,,,4.0,5.0,1.0,,1,0,1,,8.207134954844343e-05,0.3333333333333333,0,1,0,0,0,0,0,0,0,0,0,0,0,0,0,329998.9971,285450
104.5,167.8,37.8,34.6,75.0,2.0,3.0,1.0,6.0,1.0,6.0,1,1,1,5.2200666967620105e-05,5.7028474317226585e-05,0.2857142857142857,0,1,0,0,0,0,0,0,0,0,0,0,0,0,0,349998.9952,270719
71.8,112.2,27.3,9.7,50.0,1.0,3.0,,6.0,1.0,,1,1,1,4.41054021260477e-05,0.00012413169876712398,0.2857142857142857,0,1,0,0,0,0,0,0,0,0,0,0,0,0,0,133498.9964,271392
,,,,55.0,,,4.0,6.0,1.0,,1,0,1,,,0.2857142857142857,0,1,0,0,0,0,0,0,0,0,0,0,0,0,0,229998.9939,285439
,,,,75.0,3.0,4.0,2.0,6.0,0.0,6.0,1,1,1,,,0.14285714285714285,0,0,0,0,1,0,0,0,0,0,0,0,0,0,0,1799899.9943,283494
57.7,93.2,17.0,10.1,42.0,3.0,4.0,3.0,6.0,1.0,,1,1,1,0.0001104792524339345,0.00018595517736404816,0.2857142857142857,0,1,0,0,0,0,0,0,0,0,0,0,0,0,0,579999.0051,285465
,,,,55.0,,,4.0,5.0,1.0,,1,0,1,,,0.3333333333333333,0,1,0,0,0,0,0,0,0,0,0,0,0,0,0,309998.999,285443
96.5,167.7,37.0,,75.0,,,4.0,5.0,1.0,,1,0,1,,6.179304889992925e-05,0.3333333333333333,0,1,0,0,0,0,0,0,0,0,0,0,0,0,0,579999.0051,285459
61.8,107.1,23.0,,48.0,,,3.0,6.0,1.0,,1,0,1,,0.00015108524531711284,0.2857142857142857,0,1,0,0,0,0,0,0,0,0,0,0,0,0,0,619999.0013,285466
,,,,65.0,1.0,3.0,4.0,,1.0,6.0,1,1,1,,,,0,1,0,0,0,0,0,0,0,0,0,0,0,0,0,177998.9963,271394
89.11,144.63,28.57,27.3,65.0,2.0,4.0,2.0,3.0,1.0,,1,1,1,7.414255991153475e-05,7.759168266199808e-05,0.5,0,0,0,0,1,0,0,0,0,0,0,0,0,0,0,879900.0055,283477
67.5,107.1,23.0,16.8,48.0,3.0,4.0,3.0,6.0,1.0,,1,1,1,0.00010103880521612833,0.00013832693571255662,0.2857142857142857,0,1,0,0,0,0,0,0,0,0,0,0,0,0,0,619999.0013,285467
89.0,144.4,27.0,27.9,65.0,2.0,4.0,2.0,5.0,1.0,6.0,1,1,1,8.040503387386265e-05,7.781132310373805e-05,0.3333333333333333,0,0,0,0,1,0,0,0,0,0,0,0,0,0,0,1249900.0021,283487
96.4,167.8,37.8,,75.0,,,4.0,5.0,1.0,,1,0,1,,6.182028595591471e-05,0.3333333333333333,0,1,0,0,0,0,0,0,0,0,0,0,0,0,0,539998.9962,285458
,,,,86.0,,,4.0,5.0,1.0,,1,0,1,,,0.3333333333333333,0,1,0,0,0,0,0,0,0,0,0,0,0,0,0,759999.0007,285463
101.7,167.0,30.1,39.7,75.0,2.0,4.0,2.0,,1.0,,1,1,1,7.765806894037364e-05,5.887929156436389e-05,,0,0,0,0,1,0,0,0,0,0,0,0,0,0,0,1399899.9942,283484
96.4,167.8,36.1,,75.0,,,4.0,5.0,1.0,,1,0,1,,6.182028595591471e-05,0.3333333333333333,0,1,0,0,0,0,0,0,0,0,0,0,0,0,0,509999.0054,285457
83.8,145.4,34.0,,65.0,,,4.0,5.0,1.0,,1,0,1,,8.207134954844343e-05,0.3333333333333333,0,1,0,0,0,0,0,0,0,0,0,0,0,0,0,349998.9952,285451
,,,,86.0,,,4.0,5.0,1.0,,1,0,1,,,0.3333333333333333,0,1,0,0,0,0,0,0,0,0,0,0,0,0,0,689999.001,285462
,,,,85.0,2.0,4.0,2.0,,1.0,6.0,1,1,1,,,,0,0,0,0,1,0,0,0,0,0,0,0,0,0,0,1699900.0038,283479
89.8,144.3,26.7,32.6,65.0,3.0,4.0,2.0,6.0,0.0,6.0,1,1,1,9.422446298400352e-05,0.0,0.14285714285714285,0,0,0,0,1,0,0,0,0,0,0,0,0,0,0,1349900.0053,283493
,,,,65.0,2.0,4.0,2.0,,1.0,6.0,1,1,1,,,,0,0,0,0,1,0,0,0,0,0,0,0,0,0,0,469998.9965,269094
89.6,145.2,30.0,16.5,65.0,2.0,3.0,2.0,6.0,1.0,6.0,1,1,1,4.2275432900432905e-05,7.686442345533255e-05,0.2857142857142857,0,0,1,0,0,0,0,0,0,0,0,0,0,0,0,206900.0053,275849
65.0,111.2,5.1,,50.0,2.0,3.0,5.0,5.0,1.0,6.0,1,0,0,,0.0001383508577753182,0.3333333333333333,1,0,0,0,0,0,0,0,0,0,0,0,0,0,0,139998.9961,274434
,,,,65.0,2.0,3.0,4.0,6.0,1.0,6.0,1,1,1,,,0.2857142857142857,0,0,1,0,0,0,0,0,0,0,0,0,0,0,0,189998.9977,275846
102.8,98.6,41.7,17.4,43.0,2.0,4.0,2.0,,1.0,0.0,1,1,1,4.116642598029609e-05,9.865746915967514e-05,,0,0,0,0,1,0,0,0,0,0,0,0,0,0,0,171598.9964,244700
70.4,122.6,4.4,,55.0,1.0,3.0,5.0,5.0,1.0,6.0,1,1,1,,0.00011586089277769538,0.3333333333333333,1,0,0,0,0,0,0,0,0,0,0,0,0,0,0,149999.0015,274433
48.0,73.2,17.5,4.5,32.0,1.0,2.0,4.0,5.0,3.0,6.0,0,1,0,7.318501170960186e-05,0.0008538251366120217,0.6666666666666666,1,0,0,0,0,0,0,0,0,0,0,0,0,0,0,55998.999,261083
46.4,73.6,18.0,,32.0,,2.0,4.0,4.0,3.0,6.0,1,0,1,,0.0008784670164917542,0.8,0,1,0,0,0,0,0,0,0,0,0,0,0,0,0,84999.0045,267002
72.3,111.2,25.1,,50.0,1.0,3.0,,6.0,1.0,6.0,1,1,1,,0.00012438182234295552,0.2857142857142857,0,0,0,0,1,0,0,0,0,0,0,0,0,0,0,139998.9961,278439
